"searchQuery/countryCode","searchQuery/device","searchQuery/domain","searchQuery/languageCode","searchQuery/locationUule","searchQuery/page","searchQuery/resultsPerPage","searchQuery/term","searchQuery/type","searchQuery/url","resultsTotal","date","description","displayedUrl","emphasizedKeywords/0","emphasizedKeywords/1","emphasizedKeywords/2","emphasizedKeywords/3","position","title","type","url"
"DE","DESKTOP","google.de",,,"1","5","SPD-Fraktion stimmt für Wahlrechtsreform site:faz.net","SEARCH","http://www.google.de/search?q=SPD-Fraktion+stimmt+f%C3%BCr+Wahlrechtsreform+site%3Afaz.net&num=5","295","2023-01-18T12:00:00.000Z","Die Sozialdemokraten diskutieren stundenlang über den Ampel-Vorschlag zur Wahlrechtsreform. Am Ende stimmt eine große Mehrheit zu, ...","https://www.faz.net › FAZ.NET › Politik › Inland","Wahlrechtsreform","stimmt",,,"1","SPD-Fraktion stimmt für Wahlrechtsreform","organic","https://www.faz.net/aktuell/politik/inland/spd-fraktion-stimmt-fuer-wahlrechtsreform-18611904.html"
"DE","DESKTOP","google.de",,,"1","5","SPD-Fraktion stimmt für Wahlrechtsreform site:faz.net","SEARCH","http://www.google.de/search?q=SPD-Fraktion+stimmt+f%C3%BCr+Wahlrechtsreform+site%3Afaz.net&num=5","295","2023-03-25T12:00:00.000Z","Die Opposition läuft Sturm gegen die Wahlrechtsreform der Ampel-Koalition. Der SPD-Abgeordnete Axel Schäfer hat nun einen ...","https://www.faz.net › FAZ.NET › Politik › Inland","Wahlrechtsreform","SPD",,,"2","Wahlrechtsreform: Vier-Prozent-Hürde für den Bundestag","organic","https://www.faz.net/aktuell/politik/inland/wahlrechtsreform-vier-prozent-huerde-fuer-den-bundestag-18776127.html"
"DE","DESKTOP","google.de",,,"1","5","SPD-Fraktion stimmt für Wahlrechtsreform site:faz.net","SEARCH","http://www.google.de/search?q=SPD-Fraktion+stimmt+f%C3%BCr+Wahlrechtsreform+site%3Afaz.net&num=5","295","2023-01-20T12:00:00.000Z","Die Union will die Zahl der Wahlkreise reduzieren. Vertreter von Grünen und FDP kritisieren den Vorschlag. Ein Grüner wirft der Union vor, ...","https://www.faz.net › FAZ.NET › Politik › Inland",,,,,"3","Grüne und FDP kritisieren Union-Vorschlag","organic","https://www.faz.net/aktuell/politik/inland/wahlrechtsreform-gruene-und-fdp-kritisieren-union-vorschlag-18616575.html"
"DE","DESKTOP","google.de",,,"1","5","SPD-Fraktion stimmt für Wahlrechtsreform site:faz.net","SEARCH","http://www.google.de/search?q=SPD-Fraktion+stimmt+f%C3%BCr+Wahlrechtsreform+site%3Afaz.net&num=5","295","2023-01-20T12:00:00.000Z","Gerecht sollte es sein, deshalb Verhältniswahlrecht. Die Identifizierung mit einem Wahlkreiskandidaten wurde aber auch angestrebt.","https://www.faz.net › FAZ.NET › Politik › Inland",,,,,"4","Wahlrecht: Irgendwann wurde die gute Absicht zum Problem","organic","https://www.faz.net/aktuell/politik/inland/wahlrecht-irgendwann-wurde-die-gute-absicht-zum-problem-18614323.html"
"DE","DESKTOP","google.de",,,"1","5","SPD-Fraktion stimmt für Wahlrechtsreform site:faz.net","SEARCH","http://www.google.de/search?q=SPD-Fraktion+stimmt+f%C3%BCr+Wahlrechtsreform+site%3Afaz.net&num=5","295","2023-01-20T12:00:00.000Z","Der Vorschlag der Union führe weiterhin zu einem Vorteil für die CSU, bemängelt der stellvertretende SPD-Fraktionsvorsitzende.","https://www.faz.net › FAZ.NET › Politik › Inland","SPD",,,,"5","SPD weist Vorschlag der Union für Wahlrechtsreform zurück","organic","https://www.faz.net/aktuell/politik/inland/spd-weist-vorschlag-der-union-fuer-wahlrechtsreform-zurueck-18616156.html"
"DE","DESKTOP","google.de",,,"1","5","""Das Wahlrecht darf nicht zum Roulette werden"" site:faz.net","SEARCH","http://www.google.de/search?q=%22Das+Wahlrecht+darf+nicht+zum+Roulette+werden%22+site%3Afaz.net&num=5","5","2023-01-18T12:00:00.000Z","Das Wahlrecht darf nicht zum Roulette werden“ · Wahlrechtsreform. Ampel will Überhangmandate streichen · Neue Bundeswahlleiterin. Eine Frau der ...","https://www.faz.net › FAZ.NET › Politik › Inland","Das Wahlrecht darf nicht zum Roulette werden",,,,"1","SPD-Fraktion stimmt für Wahlrechtsreform","organic","https://www.faz.net/aktuell/politik/inland/spd-fraktion-stimmt-fuer-wahlrechtsreform-18611904.html"
"DE","DESKTOP","google.de",,,"1","5","""Das Wahlrecht darf nicht zum Roulette werden"" site:faz.net","SEARCH","http://www.google.de/search?q=%22Das+Wahlrecht+darf+nicht+zum+Roulette+werden%22+site%3Afaz.net&num=5","5","2023-01-17T12:00:00.000Z","CSU gegen Ampelpläne : „Das Wahlrecht darf nicht zum Roulette werden“. Von Helene Bubrowski, Berlin. 17.01 ...","https://www.faz.net › FAZ.NET › Politik › Inland","Das Wahlrecht darf nicht zum Roulette werden",,,,"2","Folgen der geplanten Wahlrechtsreform","organic","https://www.faz.net/aktuell/politik/inland/folgen-der-geplanten-wahlrechtsreform-18606566.html"
"DE","DESKTOP","google.de",,,"1","5","""Das Wahlrecht darf nicht zum Roulette werden"" site:faz.net","SEARCH","http://www.google.de/search?q=%22Das+Wahlrecht+darf+nicht+zum+Roulette+werden%22+site%3Afaz.net&num=5","5","2023-01-16T12:00:00.000Z","Das Wahlrecht darf nicht zum Roulette werden“. Im Bundestag widmete er sich dann intensiv dessen Verkleinerung. Er zeigt sich zuversichtlich ...","https://www.faz.net › FAZ.NET › Politik","Das Wahlrecht darf nicht zum Roulette werden",,,,"3","Sebastian Hartmann (SPD) will den Bundestag verkleinern","organic","https://www.faz.net/aktuell/politik/sebastian-hartmann-spd-will-den-bundestag-verkleinern-18606384.html"
"DE","DESKTOP","google.de",,,"1","5","""Das Wahlrecht darf nicht zum Roulette werden"" site:faz.net","SEARCH","http://www.google.de/search?q=%22Das+Wahlrecht+darf+nicht+zum+Roulette+werden%22+site%3Afaz.net&num=5","5",,"FAZ plus Artikel CSU gegen Ampelpläne : „Das Wahlrecht darf nicht zum Roulette werden“ ... Durch das neue Wahlrecht würden alle Fraktionen schrumpfen. Ein ...","https://www.faz.net › ... › Politik-Themen › Augsburg","Das Wahlrecht darf nicht zum Roulette werden",,,,"4","Augsburg: News der FAZ zur kreisfreien Großstadt","organic","https://www.faz.net/aktuell/politik/thema/augsburg-p3"
"DE","DESKTOP","google.de",,,"1","5","Union kritisiert Pläne der Ampel zum Wahlrecht site:faz.net","SEARCH","http://www.google.de/search?q=Union+kritisiert+Pl%C3%A4ne+der+Ampel+zum+Wahlrecht+site%3Afaz.net&num=5","222","2023-01-16T12:00:00.000Z","Die Union will vor dem Bundesverfassungsgericht gegen die Pläne für eine Wahlrechtsreform klagen. Das hat die Ampelkoalition eingepreist.","https://www.faz.net › FAZ.NET › Politik › Inland","Union","Pläne",,,"1","Wahlrechtsreform: Union übt Kritik an Plänen der Ampel","organic","https://www.faz.net/aktuell/politik/inland/wahlrechtsreform-union-uebt-kritik-an-plaenen-der-ampel-18606625.html"
"DE","DESKTOP","google.de",,,"1","5","Union kritisiert Pläne der Ampel zum Wahlrecht site:faz.net","SEARCH","http://www.google.de/search?q=Union+kritisiert+Pl%C3%A4ne+der+Ampel+zum+Wahlrecht+site%3Afaz.net&num=5","222","2023-01-20T12:00:00.000Z","Die Union will die Zahl der Wahlkreise reduzieren. Vertreter von Grünen und FDP kritisieren den Vorschlag. Ein Grüner wirft der Union vor, ...","https://www.faz.net › FAZ.NET › Politik › Inland","Union","Union",,,"2","Grüne und FDP kritisieren Union-Vorschlag","organic","https://www.faz.net/aktuell/politik/inland/wahlrechtsreform-gruene-und-fdp-kritisieren-union-vorschlag-18616575.html"
"DE","DESKTOP","google.de",,,"1","5","Union kritisiert Pläne der Ampel zum Wahlrecht site:faz.net","SEARCH","http://www.google.de/search?q=Union+kritisiert+Pl%C3%A4ne+der+Ampel+zum+Wahlrecht+site%3Afaz.net&num=5","222","2023-01-22T12:00:00.000Z","Die Ampelkoalition will das Wahlrecht reformieren. Alle Parteien hätten dann weniger Abgeordnete. Aber für die einen wären die Karrieren ...","https://www.faz.net › FAZ.NET › Politik › Inland","Wahlrecht",,,,"3","Warum die Wahlrechtsreform der Ampel keine gute Idee ist","organic","https://www.faz.net/aktuell/politik/inland/warum-die-wahlrechtsreform-der-ampel-keine-gute-idee-ist-18617416.html"
"DE","DESKTOP","google.de",,,"1","5","Union kritisiert Pläne der Ampel zum Wahlrecht site:faz.net","SEARCH","http://www.google.de/search?q=Union+kritisiert+Pl%C3%A4ne+der+Ampel+zum+Wahlrecht+site%3Afaz.net&num=5","222","2023-03-17T12:00:00.000Z","Dieses Wahlrecht dürfe keine Anwendung bei einer Bundestagswahl finden, sagt der CDU-Vorsitzende Friedrich Merz. Das neue Wahlrecht war ...","https://www.faz.net › FAZ.NET › Politik › Inland","Wahlrecht","Wahlrecht",,,"4","Wahlrechtsreform: Union kündigt Klage in Karlsruhe an","organic","https://www.faz.net/aktuell/politik/inland/wahlrechtsreform-union-kuendigt-klage-in-karlsruhe-an-18755282.html"
"DE","DESKTOP","google.de",,,"1","5","Union kritisiert Pläne der Ampel zum Wahlrecht site:faz.net","SEARCH","http://www.google.de/search?q=Union+kritisiert+Pl%C3%A4ne+der+Ampel+zum+Wahlrecht+site%3Afaz.net&num=5","222","2023-03-17T12:00:00.000Z","Am Freitag wird im Bundestag über die Wahlrechtsreform abgestimmt. Aktuell sitzen dort 736 Abgeordnete. Der Vorschlag von SPD, Grünen und FDP ...","https://www.faz.net › FAZ.NET › Politik › Inland",,,,,"5","Schäuble beklagt „gezielten Angriff auf die CSU“","organic","https://www.faz.net/aktuell/politik/inland/wahlrechtsreform-schaeuble-beklagt-gezielten-angriff-auf-die-csu-18754831.html"
"DE","DESKTOP","google.de",,,"1","5","SPD weist Unionsvorschlag für Wahlrechtsreform zurück site:faz.net","SEARCH","http://www.google.de/search?q=SPD+weist+Unionsvorschlag+f%C3%BCr+Wahlrechtsreform+zur%C3%BCck+site%3Afaz.net&num=5","29","2023-01-20T12:00:00.000Z","Der Vorschlag der Union führe weiterhin zu einem Vorteil für die CSU, bemängelt der stellvertretende SPD-Fraktionsvorsitzende.","https://www.faz.net › FAZ.NET › Politik › Inland","SPD",,,,"1","SPD weist Vorschlag der Union für Wahlrechtsreform zurück","organic","https://www.faz.net/aktuell/politik/inland/spd-weist-vorschlag-der-union-fuer-wahlrechtsreform-zurueck-18616156.html"
"DE","DESKTOP","google.de",,,"1","5","SPD weist Unionsvorschlag für Wahlrechtsreform zurück site:faz.net","SEARCH","http://www.google.de/search?q=SPD+weist+Unionsvorschlag+f%C3%BCr+Wahlrechtsreform+zur%C3%BCck+site%3Afaz.net&num=5","29","2023-01-20T12:00:00.000Z","Innenpolitik aktuell: News zur deutschen Politik über Regierung, Koalition und Parteien. ▻ Bei der FAZ finden Sie aktuelle Nachrichten.","https://www.faz.net › ... › Politik › Inland",,,,,"2","SPD weist Unionsvorschlag für Wahlrechtsreform zurück","organic","https://www.faz.net/aktuell/politik/inland/spd-weist-vorschlag-der-union-fuer-wahlrechtsreform-zurueck-18616156/der-plenarsaal-des-bundestags-18616158.html"
"DE","DESKTOP","google.de",,,"1","5","SPD weist Unionsvorschlag für Wahlrechtsreform zurück site:faz.net","SEARCH","http://www.google.de/search?q=SPD+weist+Unionsvorschlag+f%C3%BCr+Wahlrechtsreform+zur%C3%BCck+site%3Afaz.net&num=5","29",,"Informationen zum deutschen Wahlrecht im Überblick: Hier finden Sie alle Nachrichten der FAZ rund um Wahlrechtsreformen.","https://www.faz.net › politik › thema › wahlrecht-p3","Wahlrecht","Wahlrechtsreformen",,,"3","Wahlrecht aktuell: Alle Änderungen und Reformen im ...","organic","https://www.faz.net/aktuell/politik/thema/wahlrecht-p3"
"DE","DESKTOP","google.de",,,"1","5","SPD weist Unionsvorschlag für Wahlrechtsreform zurück site:faz.net","SEARCH","http://www.google.de/search?q=SPD+weist+Unionsvorschlag+f%C3%BCr+Wahlrechtsreform+zur%C3%BCck+site%3Afaz.net&num=5","29","2023-01-21T12:00:00.000Z","Aus der Position der Stärke heraus haben die Unionsparteien jahrelang alle Bemühungen torpediert, den Bundestag auf seine Regelgröße ...","https://www.faz.net › FAZ.NET › Politik › Inland",,,,,"4","Wahlrecht: Die Union kommt zu spät","organic","https://www.faz.net/aktuell/politik/inland/wahlrecht-die-union-kommt-zu-spaet-18618001.html"
"DE","DESKTOP","google.de",,,"1","5","Grüner NRW-Justizminister rügt Wahlrecht der Ampelkoalition site:faz.net","SEARCH","http://www.google.de/search?q=Gr%C3%BCner+NRW-Justizminister+r%C3%BCgt+Wahlrecht+der+Ampelkoalition+site%3Afaz.net&num=5","29","2023-03-05T12:00:00.000Z","Die Kritik grüner Landespolitiker am Wahlrecht der Ampelkoalition reißt nicht ab. NRW-Justizminister Benjamin Limbach beklagt die ...","https://www.faz.net › FAZ.NET › Politik › Inland","grüner","Wahlrecht der Ampelkoalition","NRW","Justizminister","1","NRW-Justizminister rügt Wahlrecht der Ampelkoalition","organic","https://www.faz.net/aktuell/politik/inland/nrw-justizminister-ruegt-wahlrecht-der-ampelkoalition-18866101.html"
"DE","DESKTOP","google.de",,,"1","5","Grüner NRW-Justizminister rügt Wahlrecht der Ampelkoalition site:faz.net","SEARCH","http://www.google.de/search?q=Gr%C3%BCner+NRW-Justizminister+r%C3%BCgt+Wahlrecht+der+Ampelkoalition+site%3Afaz.net&num=5","29",,"Informationen zum deutschen Wahlrecht im Überblick: Hier finden Sie alle Nachrichten der FAZ rund um Wahlrechtsreformen.","https://www.faz.net › aktuell › politik › thema › wahlre...","Wahlrecht",,,,"2","Wahlrecht aktuell: Alle Änderungen und Reformen im ...","organic","https://www.faz.net/aktuell/politik/thema/wahlrecht"
"DE","DESKTOP","google.de",,,"1","5","Grüner NRW-Justizminister rügt Wahlrecht der Ampelkoalition site:faz.net","SEARCH","http://www.google.de/search?q=Gr%C3%BCner+NRW-Justizminister+r%C3%BCgt+Wahlrecht+der+Ampelkoalition+site%3Afaz.net&num=5","29",,"Artikel-Übersicht des 03.05.2023. Hier finden Sie auf einen Blick Nachrichten, Meldungen und Hintergrundberichte der F.A.Z..","https://www.faz.net › artikel-chronik › nachrichten-202...",,,,,"3","Chronik vom 03.05.2023: Nachrichten und Meldungen","organic","https://www.faz.net/artikel-chronik/nachrichten-2023-mai-03/"
"DE","DESKTOP","google.de",,,"1","5","Grüner NRW-Justizminister rügt Wahlrecht der Ampelkoalition site:faz.net","SEARCH","http://www.google.de/search?q=Gr%C3%BCner+NRW-Justizminister+r%C3%BCgt+Wahlrecht+der+Ampelkoalition+site%3Afaz.net&num=5","29",,"Artikel-Übersicht des 17.03.2023. Hier finden Sie auf einen Blick Nachrichten, Meldungen und Hintergrundberichte der F.A.Z..","https://www.faz.net › artikel-chronik › nachrichten-202...",,,,,"4","Chronik vom 17.03.2023: Nachrichten und Meldungen","organic","https://www.faz.net/artikel-chronik/nachrichten-2023-maerz-17/"
"DE","DESKTOP","google.de",,,"1","5","Keine Hemmungen beim Wahlrecht site:faz.net","SEARCH","http://www.google.de/search?q=Keine+Hemmungen+beim+Wahlrecht+site%3Afaz.net&num=5","28","2024-02-24T12:00:00.000Z","Wer 16 ist, darf das Europaparlament und in sechs Bundesländern den Landtag mitwählen. Das tue der Demokratie gut, sagt Bärbel Bas, ...","https://www.faz.net › FAZ.NET › Politik › Inland",,,,,"1","Bas für Wahlrecht ab 16 auch für Bundestag","organic","https://www.faz.net/aktuell/politik/inland/bas-fuer-wahlrecht-ab-16-auch-fuer-bundestag-19542775.html"
"DE","DESKTOP","google.de",,,"1","5","Keine Hemmungen beim Wahlrecht site:faz.net","SEARCH","http://www.google.de/search?q=Keine+Hemmungen+beim+Wahlrecht+site%3Afaz.net&num=5","28","2023-12-05T12:00:00.000Z","Denn nach einem guten Jahr gemeinsamer und immerhin öffentlicher Beratungen sind sich 13 Mitglieder des Deutschen Bundestages und 13 Abgeordnete ...","https://www.faz.net › FAZ.NET › Politik › Inland",,,,,"2","Verlängerung der Wahlperiode mit wenig Widerstand","organic","https://www.faz.net/aktuell/politik/inland/wahlrechtsreform-verlaengerung-der-wahlperiode-mit-wenig-widerstand-18887155.html"
"DE","DESKTOP","google.de",,,"1","5","Keine Hemmungen beim Wahlrecht site:faz.net","SEARCH","http://www.google.de/search?q=Keine+Hemmungen+beim+Wahlrecht+site%3Afaz.net&num=5","28",,"Bärbel Bas aktuell: Bei der FAZ finden Sie ausführliche News und Videos aus der Politik. ▻ Jetzt aktuelle Nachrichten lesen!","https://www.faz.net › politik › thema › baerbel-bas-p2",,,,,"3","Bärbel Bas aktuell: Nachrichten und News","organic","https://www.faz.net/aktuell/politik/thema/baerbel-bas-p2"
"DE","DESKTOP","google.de",,,"1","5","Keine Hemmungen beim Wahlrecht site:faz.net","SEARCH","http://www.google.de/search?q=Keine+Hemmungen+beim+Wahlrecht+site%3Afaz.net&num=5","28","2019-01-20T12:00:00.000Z","Ist ja klar, dass hier eine Frau übers Frauenwahlrecht schreibt. Und dass es Männer sind, die später die Zeitung drucken, in Flugzeuge und ...","https://www.faz.net › FAZ.NET › Politik › Inland",,,,,"4","Hundert Jahre Frauenwahlrecht: Weil ich kein Mädchen bin","organic","https://www.faz.net/aktuell/politik/inland/hundert-jahre-frauenwahlrecht-weil-ich-kein-maedchen-bin-15997285.html"
"DE","DESKTOP","google.de",,,"1","5","Keine Einigung zwischen Ampel und Union zu Wahlrecht site:faz.net","SEARCH","http://www.google.de/search?q=Keine+Einigung+zwischen+Ampel+und+Union+zu+Wahlrecht+site%3Afaz.net&num=5","317","2023-01-16T12:00:00.000Z","Die Union will vor dem Bundesverfassungsgericht gegen die Pläne für eine Wahlrechtsreform klagen. Das hat die Ampelkoalition eingepreist.","https://www.faz.net › FAZ.NET › Politik › Inland","Union",,,,"1","Wahlrechtsreform: Union übt Kritik an Plänen der Ampel","organic","https://www.faz.net/aktuell/politik/inland/wahlrechtsreform-union-uebt-kritik-an-plaenen-der-ampel-18606625.html"
"DE","DESKTOP","google.de",,,"1","5","Keine Einigung zwischen Ampel und Union zu Wahlrecht site:faz.net","SEARCH","http://www.google.de/search?q=Keine+Einigung+zwischen+Ampel+und+Union+zu+Wahlrecht+site%3Afaz.net&num=5","317","2023-01-20T12:00:00.000Z","Die Union will die Zahl der Wahlkreise reduzieren. Vertreter von Grünen und FDP kritisieren den Vorschlag. Ein Grüner wirft der Union vor, ...","https://www.faz.net › FAZ.NET › Politik › Inland","Union","Union",,,"2","Grüne und FDP kritisieren Union-Vorschlag","organic","https://www.faz.net/aktuell/politik/inland/wahlrechtsreform-gruene-und-fdp-kritisieren-union-vorschlag-18616575.html"
"DE","DESKTOP","google.de",,,"1","5","Keine Einigung zwischen Ampel und Union zu Wahlrecht site:faz.net","SEARCH","http://www.google.de/search?q=Keine+Einigung+zwischen+Ampel+und+Union+zu+Wahlrecht+site%3Afaz.net&num=5","317","2024-01-31T12:00:00.000Z","Ampel und Union streiten darüber, wo in Bayern ein neuer Wahlkreis geschaffen werden soll. Der CDU-Vorsitzende Friedrich Merz meint, ...","https://www.faz.net › FAZ.NET › Politik › Inland","Ampel und Union",,,,"3","Warum Friedrich Merz der Ampel Manipulation vorwirft","organic","https://www.faz.net/aktuell/politik/inland/warum-friedrich-merz-der-ampel-manipulation-vorwirft-19487037.html"
"DE","DESKTOP","google.de",,,"1","5","Keine Einigung zwischen Ampel und Union zu Wahlrecht site:faz.net","SEARCH","http://www.google.de/search?q=Keine+Einigung+zwischen+Ampel+und+Union+zu+Wahlrecht+site%3Afaz.net&num=5","317","2023-03-17T12:00:00.000Z","In der Debatte über das Wahlrecht war vieles anders als sonst im Parlament: Es wurde viel geschrien, es kam zu ungewohnten Allianzen – und ...","https://www.faz.net › FAZ.NET › Politik › Inland","Wahlrecht",,,,"4","Debatte über Wahlrecht: Wenn CSU und Linke eine Allianz ...","organic","https://www.faz.net/aktuell/politik/inland/debatte-ueber-wahlrecht-wenn-csu-und-linke-eine-allianz-bilden-18757160.html"
"DE","DESKTOP","google.de",,,"1","5","Keine Einigung zwischen Ampel und Union zu Wahlrecht site:faz.net","SEARCH","http://www.google.de/search?q=Keine+Einigung+zwischen+Ampel+und+Union+zu+Wahlrecht+site%3Afaz.net&num=5","317","2024-04-23T12:00:00.000Z","Die Wahlreform der Ampel bringt vor allem CSU und Linke in Bedrängnis. Jetzt ist das Verfassungsgericht am Zug. Die wichtigsten Fragen und ...","https://www.faz.net › FAZ.NET › Politik › Inland","Ampel",,,,"5","Neues Wahlrecht: Worüber Karlsruhe jetzt verhandelt","organic","https://www.faz.net/aktuell/politik/inland/neues-wahlrecht-worueber-karlsruhe-jetzt-verhandelt-19671392.html"
"DE","DESKTOP","google.de",,,"1","5","Wahlrechtsreform soll bis Ostern stehen site:faz.net","SEARCH","http://www.google.de/search?q=Wahlrechtsreform+soll+bis+Ostern+stehen+site%3Afaz.net&num=5","32","2023-01-15T12:00:00.000Z","Die Ampelkoalition hat einen Gesetzentwurf zum Wahlrecht vorgelegt. Überhangmandate sollen gestrichen werden. Bis Ostern sollen die ...","https://www.faz.net › FAZ.NET › Politik","Wahlrecht","Ostern",,,"1","Gesetzentwurf zum Wahlrecht: Wahlrechtsreform soll bis ...","organic","https://www.faz.net/aktuell/politik/gesetzentwurf-zum-wahlrecht-wahlrechtsreform-soll-bis-ostern-stehen-18604501.html"
"DE","DESKTOP","google.de",,,"1","5","Wahlrechtsreform soll bis Ostern stehen site:faz.net","SEARCH","http://www.google.de/search?q=Wahlrechtsreform+soll+bis+Ostern+stehen+site%3Afaz.net&num=5","32","2023-01-18T12:00:00.000Z","Die Sozialdemokraten diskutieren stundenlang über den Ampel-Vorschlag zur Wahlrechtsreform. Am Ende stimmt eine große Mehrheit zu, ...","https://www.faz.net › FAZ.NET › Politik › Inland","Wahlrechtsreform",,,,"2","SPD-Fraktion stimmt für Wahlrechtsreform","organic","https://www.faz.net/aktuell/politik/inland/spd-fraktion-stimmt-fuer-wahlrechtsreform-18611904.html"
"DE","DESKTOP","google.de",,,"1","5","Wahlrechtsreform soll bis Ostern stehen site:faz.net","SEARCH","http://www.google.de/search?q=Wahlrechtsreform+soll+bis+Ostern+stehen+site%3Afaz.net&num=5","32","2023-01-15T12:00:00.000Z","Die Ampel will nun endlich mit einer Wahlrechtsreform den Bundestag verkleinern. Wahlkreissiegern soll der Einzug in den Bundestag nicht ...","https://www.faz.net › FAZ.NET › Politik › Inland","Wahlrechtsreform","soll",,,"3","Bundestag: Ampel legt Gesetzentwurf für Wahlrechtsreform ...","organic","https://www.faz.net/aktuell/politik/inland/bundestag-ampel-legt-gesetzentwurf-fuer-wahlrechtsreform-vor-18603490.html"
"DE","DESKTOP","google.de",,,"1","5","Wahlrechtsreform soll bis Ostern stehen site:faz.net","SEARCH","http://www.google.de/search?q=Wahlrechtsreform+soll+bis+Ostern+stehen+site%3Afaz.net&num=5","32","2023-01-15T12:00:00.000Z","Wenn das neue Wahlrecht für den Bundestag beschlossen wird, dann muss Ruth Brand für dessen Verwirklichung sorgen.","https://www.faz.net › FAZ.NET › Politik","Wahlrecht",,,,"4","Neue Bundeswahlleiterin: Eine Frau der Zahlen","organic","https://www.faz.net/aktuell/politik/neue-bundeswahlleiterin-eine-frau-der-zahlen-18604420.html"
"DE","DESKTOP","google.de",,,"1","5","Ampel will Gesetzentwurf zum Wahlrecht einbringen site:faz.net","SEARCH","http://www.google.de/search?q=Ampel+will+Gesetzentwurf+zum+Wahlrecht+einbringen+site%3Afaz.net&num=5","42","2023-01-20T12:00:00.000Z","Die Union will die Zahl der Wahlkreise reduzieren. Vertreter von Grünen und FDP kritisieren den Vorschlag. Ein Grüner wirft der Union vor, ...","https://www.faz.net › FAZ.NET › Politik › Inland","will",,,,"1","Grüne und FDP kritisieren Union-Vorschlag","organic","https://www.faz.net/aktuell/politik/inland/wahlrechtsreform-gruene-und-fdp-kritisieren-union-vorschlag-18616575.html"
"DE","DESKTOP","google.de",,,"1","5","Ampel will Gesetzentwurf zum Wahlrecht einbringen site:faz.net","SEARCH","http://www.google.de/search?q=Ampel+will+Gesetzentwurf+zum+Wahlrecht+einbringen+site%3Afaz.net&num=5","42","2022-11-11T12:00:00.000Z","Ab 16 Jahren können Jugendliche bei der nächsten Europawahl abstimmen. Für eine Absenkung des Mindestalters der Wähler bei den ...","https://www.faz.net › FAZ.NET › Politik",,,,,"2","Bundestag beschließt Wahlrecht ab 16 Jahren","organic","https://www.faz.net/aktuell/politik/bundestag-beschliesst-wahlrecht-fuer-europaparlament-ab-16-jahren-18454749.html"
"DE","DESKTOP","google.de",,,"1","5","Ampel will Gesetzentwurf zum Wahlrecht einbringen site:faz.net","SEARCH","http://www.google.de/search?q=Ampel+will+Gesetzentwurf+zum+Wahlrecht+einbringen+site%3Afaz.net&num=5","42","2023-12-12T12:00:00.000Z","In der Grunderwerbsteuer drohen finanzielle Mehrbelastungen, die niemand will. Acht Spitzenverbände der Wirtschaft schlagen nun in einem ...","https://www.faz.net › ... › Wirtschaft › Mehr Wirtschaft","will",,,,"3","Wirtschaft warnt vor Folgen der gelähmten Ampel-Regierung","organic","https://www.faz.net/aktuell/wirtschaft/mehr-wirtschaft/wirtschaft-warnt-vor-folgen-der-gelaehmten-ampel-regierung-19379261.html"
"DE","DESKTOP","google.de",,,"1","5","Ampel will Gesetzentwurf zum Wahlrecht einbringen site:faz.net","SEARCH","http://www.google.de/search?q=Ampel+will+Gesetzentwurf+zum+Wahlrecht+einbringen+site%3Afaz.net&num=5","42","2021-11-24T12:00:00.000Z","3. Das Ergebnis der Bundestagswahl verstehen unsere drei Parteien als Auftrag, eine gemeinsame. 4. Regierungskoalition zu bilden.","https://dynamic.faz.net › download › Koalitionsve...",,,,,"4","Mehr Fortschritt wagen","organic","https://dynamic.faz.net/download/2021/Koalitionsvertrag2021-2025.pdf"
"DE","DESKTOP","google.de",,,"1","5","Bas fordert weitere Wahlrechtsreform site:faz.net","SEARCH","http://www.google.de/search?q=Bas+fordert+weitere+Wahlrechtsreform+site%3Afaz.net&num=5","103","2023-03-18T12:00:00.000Z","Nach dem Beschluss der umstrittenen Wahlrechtsreform fordert die Bundestagspräsidentin eine weitere Änderung.","https://www.faz.net › FAZ.NET › Politik › Inland","Wahlrechtsreform fordert","weitere",,,"1","Bundestag: Bärbel Bas fordert weitere Wahlrechtsreform","organic","https://www.faz.net/aktuell/politik/inland/bundestag-baerbel-bas-fordert-weitere-wahlrechtsreform-18758924.html"
"DE","DESKTOP","google.de",,,"1","5","Bas fordert weitere Wahlrechtsreform site:faz.net","SEARCH","http://www.google.de/search?q=Bas+fordert+weitere+Wahlrechtsreform+site%3Afaz.net&num=5","103","2024-02-24T12:00:00.000Z","Wer 16 ist, darf das Europaparlament und in sechs Bundesländern den Landtag mitwählen. Das tue der Demokratie gut, sagt Bärbel Bas, ...","https://www.faz.net › FAZ.NET › Politik › Inland","Bas",,,,"2","Bas für Wahlrecht ab 16 auch für Bundestag","organic","https://www.faz.net/aktuell/politik/inland/bas-fuer-wahlrecht-ab-16-auch-fuer-bundestag-19542775.html"
"DE","DESKTOP","google.de",,,"1","5","Bas fordert weitere Wahlrechtsreform site:faz.net","SEARCH","http://www.google.de/search?q=Bas+fordert+weitere+Wahlrechtsreform+site%3Afaz.net&num=5","103","2023-03-19T12:00:00.000Z","Quoten im Parlament wären eine Rückkehr zum Ständestaat und eine Abkehr von Freiheit und Demokratie.","https://www.faz.net › FAZ.NET › Politik › Inland",,,,,"3","Forderung nach Geschlechterparität ist verfassungswidrig","organic","https://www.faz.net/aktuell/politik/inland/forderung-nach-geschlechterparitaet-ist-verfassungswidrig-18760511.html"
"DE","DESKTOP","google.de",,,"1","5","Bas fordert weitere Wahlrechtsreform site:faz.net","SEARCH","http://www.google.de/search?q=Bas+fordert+weitere+Wahlrechtsreform+site%3Afaz.net&num=5","103","2023-12-05T12:00:00.000Z","Denn nach einem guten Jahr gemeinsamer und immerhin öffentlicher Beratungen sind sich 13 Mitglieder des Deutschen Bundestages und 13 Abgeordnete ...","https://www.faz.net › FAZ.NET › Politik › Inland",,,,,"4","Verlängerung der Wahlperiode mit wenig Widerstand","organic","https://www.faz.net/aktuell/politik/inland/wahlrechtsreform-verlaengerung-der-wahlperiode-mit-wenig-widerstand-18887155.html"
"DE","DESKTOP","google.de",,,"1","5","Bas fordert weitere Wahlrechtsreform site:faz.net","SEARCH","http://www.google.de/search?q=Bas+fordert+weitere+Wahlrechtsreform+site%3Afaz.net&num=5","103","2023-03-20T12:00:00.000Z","Die Ampel erwägt nach der Wahlrechtsreform die Möglichkeit einer Listenverbindung. Das würde der CSU helfen, doch die will sich nicht ...","https://www.faz.net › FAZ.NET › Politik › Inland","Wahlrechtsreform",,,,"5","CSU und CDU wollen vor Bundesverfassungsgericht klagen","organic","https://www.faz.net/aktuell/politik/inland/wahlrecht-csu-und-cdu-wollen-vor-bundesverfassungsgericht-klagen-18763149.html"
"DE","DESKTOP","google.de",,,"1","5","Das Wahlrecht muss bürgernah bleiben site:faz.net","SEARCH","http://www.google.de/search?q=Das+Wahlrecht+muss+b%C3%BCrgernah+bleiben+site%3Afaz.net&num=5","55","2023-04-18T12:00:00.000Z","Es darf nicht der Eindruck entstehen, bestimmte Parteien oder Regionen würden klein gehalten. Wenn Karlsruhe ein überschaubares Wahlrecht ...","https://www.faz.net › FAZ.NET › Politik › Inland","Wahlrecht",,,,"1","Wahlrecht und Verfassungsgericht: Bürgernah bleiben","organic","https://www.faz.net/aktuell/politik/inland/wahlrecht-und-verfassungsgericht-buergernah-bleiben-18830403.html"
"DE","DESKTOP","google.de",,,"1","5","Das Wahlrecht muss bürgernah bleiben site:faz.net","SEARCH","http://www.google.de/search?q=Das+Wahlrecht+muss+b%C3%BCrgernah+bleiben+site%3Afaz.net&num=5","55",,"Informationen zum deutschen Wahlrecht im Überblick: Hier finden Sie alle Nachrichten der FAZ rund um Wahlrechtsreformen.","https://www.faz.net › politik › thema › wahlrecht-p2","Wahlrecht",,,,"2","Wahlrecht aktuell: Alle Änderungen und Reformen im ...","organic","https://www.faz.net/aktuell/politik/thema/wahlrecht-p2"
"DE","DESKTOP","google.de",,,"1","5","Das Wahlrecht muss bürgernah bleiben site:faz.net","SEARCH","http://www.google.de/search?q=Das+Wahlrecht+muss+b%C3%BCrgernah+bleiben+site%3Afaz.net&num=5","55","2021-09-30T12:00:00.000Z","Alle Parteien sind sich einig, dass die Bürokratie abgebaut werden soll. Sie verschweigen aber, was dann verloren ginge.","https://www.faz.net › FAZ.NET › Politik",,,,,"3","Was die deutsche Bürokratie so liebenswert macht","organic","https://www.faz.net/aktuell/politik/was-die-deutsche-buerokratie-so-liebenswert-macht-17552863.html"
"DE","DESKTOP","google.de",,,"1","5","Das Wahlrecht muss bürgernah bleiben site:faz.net","SEARCH","http://www.google.de/search?q=Das+Wahlrecht+muss+b%C3%BCrgernah+bleiben+site%3Afaz.net&num=5","55","2024-02-21T12:00:00.000Z","Die Bundesregierung macht neue Vorgaben für das digitale Amt: Klare Standards, Open-Source-Lösungen und ein Rechtsanspruch der Bürger sollen ...","https://www.faz.net › FAZ.NET › Wirtschaft",,,,,"4","Kommt jetzt die digitale Wende?","organic","https://www.faz.net/aktuell/wirtschaft/digitale-behoerdendienstleistungen-kommt-jetzt-die-digitale-wende-19533027.html"
"DE","DESKTOP","google.de",,,"1","5","Ein Wahlrecht nach dem anderen site:faz.net","SEARCH","http://www.google.de/search?q=Ein+Wahlrecht+nach+dem+anderen+site%3Afaz.net&num=5","2880","2023-04-18T12:00:00.000Z","Es darf nicht der Eindruck entstehen, bestimmte Parteien oder Regionen würden klein gehalten. Wenn Karlsruhe ein überschaubares Wahlrecht ...","https://www.faz.net › FAZ.NET › Politik › Inland","Wahlrecht",,,,"1","Wahlrecht und Verfassungsgericht: Bürgernah bleiben","organic","https://www.faz.net/aktuell/politik/inland/wahlrecht-und-verfassungsgericht-buergernah-bleiben-18830403.html"
"DE","DESKTOP","google.de",,,"1","5","Ein Wahlrecht nach dem anderen site:faz.net","SEARCH","http://www.google.de/search?q=Ein+Wahlrecht+nach+dem+anderen+site%3Afaz.net&num=5","2880","2024-06-03T12:00:00.000Z","Das neue Wahlrecht verletzt das Grundgesetz. Es drohen weitreichende Folgen, doch das Bundesverfassungsgericht könnte noch einschreiten.","https://www.faz.net › aktuell › das-vertrauen-in-die-de...","Wahlrecht",,,,"2","Das Vertrauen in die Demokratie ist in Gefahr","organic","https://www.faz.net/aktuell/das-vertrauen-in-die-demokratie-ist-in-gefahr-19568185.html"
"DE","DESKTOP","google.de",,,"1","5","Ein Wahlrecht nach dem anderen site:faz.net","SEARCH","http://www.google.de/search?q=Ein+Wahlrecht+nach+dem+anderen+site%3Afaz.net&num=5","2880","2023-04-28T12:00:00.000Z","Die Ergebnisse der Wahlrechtsreformkommission sind leider nicht überraschend: weder in dem, worin man sich nicht einig ist, noch in dem, ...","https://www.faz.net › FAZ.NET › Politik",,,,,"3","Wahlrechtsreform: Einig für Recht und Freiheit?","organic","https://www.faz.net/aktuell/politik/wahlrechtsreform-einig-fuer-recht-und-freiheit-18856756.html"
"DE","DESKTOP","google.de",,,"1","5","Ein Wahlrecht nach dem anderen site:faz.net","SEARCH","http://www.google.de/search?q=Ein+Wahlrecht+nach+dem+anderen+site%3Afaz.net&num=5","2880","2023-04-18T12:00:00.000Z","Der Bundestag hat ein neues Wahlrecht beschlossen, das vor dem Bundesverfassungsgericht landen wird. Dort geht es jetzt erst einmal um die ...","https://www.faz.net › FAZ.NET › Politik › Inland","Wahlrecht",,,,"4","Bundesverfassungsgericht verhandelt über altes Wahlgesetz","organic","https://www.faz.net/aktuell/politik/inland/bundesverfassungsgericht-verhandelt-ueber-altes-wahlgesetz-18830528.html"
"DE","DESKTOP","google.de",,,"1","5","Ein Wahlrecht nach dem anderen site:faz.net","SEARCH","http://www.google.de/search?q=Ein+Wahlrecht+nach+dem+anderen+site%3Afaz.net&num=5","2880","2023-04-28T12:00:00.000Z","Die Wahlrechtskommission hat ihre Reformempfehlungen vorgelegt. Sie spricht sich dafür aus, das Wahlalter auf 16 Jahre zu senken – und die ...","https://www.faz.net › FAZ.NET › Politik › Inland","auf",,,,"5","Was empfiehlt die Wahlrechtskommission?","organic","https://www.faz.net/aktuell/politik/inland/was-empfiehlt-die-wahlrechtskommission-18856828.html"
"DE","DESKTOP","google.de",,,"1","5","SPD stimmt für neues Wahlrecht site:faz.net","SEARCH","http://www.google.de/search?q=SPD+stimmt+f%C3%BCr+neues+Wahlrecht+site%3Afaz.net&num=5","367","2023-01-18T12:00:00.000Z","Die Sozialdemokraten diskutieren stundenlang über den Ampel-Vorschlag zur Wahlrechtsreform. Am Ende stimmt eine große Mehrheit zu, ...","https://www.faz.net › FAZ.NET › Politik › Inland","stimmt",,,,"1","SPD-Fraktion stimmt für Wahlrechtsreform","organic","https://www.faz.net/aktuell/politik/inland/spd-fraktion-stimmt-fuer-wahlrechtsreform-18611904.html"
"DE","DESKTOP","google.de",,,"1","5","SPD stimmt für neues Wahlrecht site:faz.net","SEARCH","http://www.google.de/search?q=SPD+stimmt+f%C3%BCr+neues+Wahlrecht+site%3Afaz.net&num=5","367",,"Informationen zum deutschen Wahlrecht im Überblick: Hier finden Sie alle Nachrichten der FAZ rund um Wahlrechtsreformen.","https://www.faz.net › politik › thema › wahlrecht-p3","Wahlrecht",,,,"2","Wahlrecht aktuell: Alle Änderungen und Reformen im ...","organic","https://www.faz.net/aktuell/politik/thema/wahlrecht-p3"
"DE","DESKTOP","google.de",,,"1","5","SPD stimmt für neues Wahlrecht site:faz.net","SEARCH","http://www.google.de/search?q=SPD+stimmt+f%C3%BCr+neues+Wahlrecht+site%3Afaz.net&num=5","367","2022-06-07T12:00:00.000Z","Drei Ampelpolitiker haben einen Vorschlag für ein neues Wahlrecht gemacht. Doch selbst in den eigenen Reihen gibt es Kritik.","https://www.faz.net › FAZ.NET › Politik › Inland","neues Wahlrecht",,,,"3","Ampel-Vorschlag stößt in den eigenen Reihen auf Kritik","organic","https://www.faz.net/aktuell/politik/inland/wahlrecht-ampel-vorschlag-stoesst-in-den-eigenen-reihen-auf-kritik-18154176.html"
"DE","DESKTOP","google.de",,,"1","5","SPD stimmt für neues Wahlrecht site:faz.net","SEARCH","http://www.google.de/search?q=SPD+stimmt+f%C3%BCr+neues+Wahlrecht+site%3Afaz.net&num=5","367","2023-01-20T12:00:00.000Z","Gerecht sollte es sein, deshalb Verhältniswahlrecht. Die Identifizierung mit einem Wahlkreiskandidaten wurde aber auch angestrebt.","https://www.faz.net › FAZ.NET › Politik › Inland",,,,,"4","Wahlrecht: Irgendwann wurde die gute Absicht zum Problem","organic","https://www.faz.net/aktuell/politik/inland/wahlrecht-irgendwann-wurde-die-gute-absicht-zum-problem-18614323.html"
"DE","DESKTOP","google.de",,,"1","5","SPD stimmt für neues Wahlrecht site:faz.net","SEARCH","http://www.google.de/search?q=SPD+stimmt+f%C3%BCr+neues+Wahlrecht+site%3Afaz.net&num=5","367","2023-01-20T12:00:00.000Z","Die Union will die Zahl der Wahlkreise reduzieren. Vertreter von Grünen und FDP kritisieren den Vorschlag. Ein Grüner wirft der Union vor, ...","https://www.faz.net › FAZ.NET › Politik › Inland",,,,,"5","Grüne und FDP kritisieren Union-Vorschlag","organic","https://www.faz.net/aktuell/politik/inland/wahlrechtsreform-gruene-und-fdp-kritisieren-union-vorschlag-18616575.html"
"DE","DESKTOP","google.de",,,"1","5","Beim Wahlrecht nicht die Frösche fragen site:faz.net","SEARCH","http://www.google.de/search?q=Beim+Wahlrecht+nicht+die+Fr%C3%B6sche+fragen+site%3Afaz.net&num=5","51","2023-03-24T12:00:00.000Z","Gesellschaftlich wünschenswertes Wahlverfahren +++ Falsch verstandene Solidarität +++ Mangelnde Vorsorge +++ Um der Demokratie willen.","https://www.faz.net › ... › Briefe an die Herausgeber",,,,,"1","Briefe an die Herausgeber vom 24. März 2023","organic","https://www.faz.net/aktuell/politik/briefe-an-die-herausgeber/briefe-an-die-herausgeber-vom-24-maerz-2023-18770547.html"
"DE","DESKTOP","google.de",,,"1","5","Beim Wahlrecht nicht die Frösche fragen site:faz.net","SEARCH","http://www.google.de/search?q=Beim+Wahlrecht+nicht+die+Fr%C3%B6sche+fragen+site%3Afaz.net&num=5","51","2024-05-14T12:00:00.000Z","Im Landkreis Saalfeld-Rudolstadt konkurriert die AfD mit sich selbst. Weil Björn Höcke die Liste zum Kreistag nicht gefällt, unterstützt er ...","https://www.faz.net › FAZ.NET › Politik › Inland","nicht",,,,"2","Wenn Björn Höcke gegen die AfD Wahlkampf macht","organic","https://www.faz.net/aktuell/politik/inland/wenn-bjoern-hoecke-gegen-die-afd-wahlkampf-macht-19716522.html"
"DE","DESKTOP","google.de",,,"1","5","Beim Wahlrecht nicht die Frösche fragen site:faz.net","SEARCH","http://www.google.de/search?q=Beim+Wahlrecht+nicht+die+Fr%C3%B6sche+fragen+site%3Afaz.net&num=5","51","2023-05-19T12:00:00.000Z","Mai: Die Vorstellung einer Reihe von Abgeordneten, sie könnten sich selbst ermächtigen, ihr Mandat um ein Jahr zu verlängern, ist empörend. Das ...","https://www.faz.net › ... › Briefe an die Herausgeber",,,,,"3","Briefe an die Herausgeber vom 19. Mai 2023","organic","https://www.faz.net/aktuell/politik/briefe-an-die-herausgeber/briefe-an-die-herausgeber-vom-19-mai-2023-18903155.html"
"DE","DESKTOP","google.de",,,"1","5","Beim Wahlrecht nicht die Frösche fragen site:faz.net","SEARCH","http://www.google.de/search?q=Beim+Wahlrecht+nicht+die+Fr%C3%B6sche+fragen+site%3Afaz.net&num=5","51",,"Hat der TV-Sender das Interview über Schweden manipuliert? Erfahren Sie hier mehr über den Lieblingssender von Donald Trump.","https://www.faz.net › aktuell › politik › thema › fox-ne...",,,,,"4","Fox News aktuell: Informationen zum Nachrichtensender","organic","https://www.faz.net/aktuell/politik/thema/fox-news-p4"
"DE","DESKTOP","google.de",,,"1","5","Warum das neue Wahlrecht ein Geschenk für Söder ist site:faz.net","SEARCH","http://www.google.de/search?q=Warum+das+neue+Wahlrecht+ein+Geschenk+f%C3%BCr+S%C3%B6der+ist+site%3Afaz.net&num=5","39","2023-03-28T12:00:00.000Z","Die CSU beschwert sich heftig über das von der Ampel beschlossene neue Wahlrecht. Doch für die anstehende Landtagswahl könnte es Gold wert ...","https://www.faz.net › FAZ.NET › Politik › Inland","neue Wahlrecht",,,,"1","Wie Söder bei der Landtagswahl vom neuen Wahlrecht ...","organic","https://www.faz.net/aktuell/politik/inland/wie-soeder-bei-der-landtagswahl-vom-neuen-wahlrecht-profitieren-koennte-18772802.html"
"DE","DESKTOP","google.de",,,"1","5","Warum das neue Wahlrecht ein Geschenk für Söder ist site:faz.net","SEARCH","http://www.google.de/search?q=Warum+das+neue+Wahlrecht+ein+Geschenk+f%C3%BCr+S%C3%B6der+ist+site%3Afaz.net&num=5","39",,"Informationen zum deutschen Wahlrecht im Überblick: Hier finden Sie alle Nachrichten der FAZ rund um Wahlrechtsreformen.","https://www.faz.net › politik › thema › wahlrecht-p2","Wahlrecht",,,,"2","Wahlrecht aktuell: Alle Änderungen und Reformen im ...","organic","https://www.faz.net/aktuell/politik/thema/wahlrecht-p2"
"DE","DESKTOP","google.de",,,"1","5","Warum das neue Wahlrecht ein Geschenk für Söder ist site:faz.net","SEARCH","http://www.google.de/search?q=Warum+das+neue+Wahlrecht+ein+Geschenk+f%C3%BCr+S%C3%B6der+ist+site%3Afaz.net&num=5","39","2023-03-05T12:00:00.000Z","Die Kritik grüner Landespolitiker am Wahlrecht der Ampelkoalition reißt nicht ab. NRW-Justizminister Benjamin Limbach beklagt die ...","https://www.faz.net › FAZ.NET › Politik › Inland","Wahlrecht",,,,"3","NRW-Justizminister rügt Wahlrecht der Ampelkoalition","organic","https://www.faz.net/aktuell/politik/inland/nrw-justizminister-ruegt-wahlrecht-der-ampelkoalition-18866101.html"
"DE","DESKTOP","google.de",,,"1","5","Warum das neue Wahlrecht ein Geschenk für Söder ist site:faz.net","SEARCH","http://www.google.de/search?q=Warum+das+neue+Wahlrecht+ein+Geschenk+f%C3%BCr+S%C3%B6der+ist+site%3Afaz.net&num=5","39","2023-06-04T12:00:00.000Z","Erst voriges Jahr haben Grüne, CDU und SPD gemeinsam das Wahlrecht geändert. Die FDP und eine unabhängige Initiative fürchten aber eine ...","https://www.faz.net › FAZ.NET › Politik › Inland","Wahlrecht",,,,"4","FDP will Landtag in Baden-Württemberg verkleinern","organic","https://www.faz.net/aktuell/politik/inland/fdp-will-landtag-in-baden-wuerttemberg-verkleinern-18797832.html"
"DE","DESKTOP","google.de",,,"1","5","3 Das neue Wahlrecht site:faz.net","SEARCH","http://www.google.de/search?q=3+Das+neue+Wahlrecht+site%3Afaz.net&num=5","3270","2024-04-23T12:00:00.000Z","Die Wahlreform der Ampel bringt vor allem CSU und Linke in Bedrängnis. Jetzt ist das Verfassungsgericht am Zug. Die wichtigsten Fragen und ...","https://www.faz.net › FAZ.NET › Politik › Inland",,,,,"1","Neues Wahlrecht: Worüber Karlsruhe jetzt verhandelt","organic","https://www.faz.net/aktuell/politik/inland/neues-wahlrecht-worueber-karlsruhe-jetzt-verhandelt-19671392.html"
"DE","DESKTOP","google.de",,,"1","5","3 Das neue Wahlrecht site:faz.net","SEARCH","http://www.google.de/search?q=3+Das+neue+Wahlrecht+site%3Afaz.net&num=5","3270","2024-04-23T12:00:00.000Z","Das Bundesverfassungsgericht verhandelt seit Dienstag über das neue Wahlrecht der Ampelkoalition. Ziel der Gesetzesänderung ist, ...","https://www.faz.net › FAZ.NET › Politik › Inland","neue Wahlrecht",,,,"2","Bundesverfassungsgericht: Neues Wahlrecht auf dem ...","organic","https://www.faz.net/aktuell/politik/inland/bundesverfassungsgericht-neues-wahlrecht-auf-dem-pruefstand-19673273.html"
"DE","DESKTOP","google.de",,,"1","5","3 Das neue Wahlrecht site:faz.net","SEARCH","http://www.google.de/search?q=3+Das+neue+Wahlrecht+site%3Afaz.net&num=5","3270",,"Informationen zum deutschen Wahlrecht im Überblick: Hier finden Sie alle Nachrichten der FAZ rund um Wahlrechtsreformen.","https://www.faz.net › aktuell › politik › thema › wahlre...","Wahlrecht",,,,"3","Wahlrecht aktuell: Alle Änderungen und Reformen im ...","organic","https://www.faz.net/aktuell/politik/thema/wahlrecht"
"DE","DESKTOP","google.de",,,"1","5","3 Das neue Wahlrecht site:faz.net","SEARCH","http://www.google.de/search?q=3+Das+neue+Wahlrecht+site%3Afaz.net&num=5","3270","2024-04-23T12:00:00.000Z","Beiden Parteien könnte das neue Wahlrecht den Einzug in den Bundestag erschweren. Manche Vertreter begegnen den Richtern in Karlsruhe mit ...","https://www.faz.net › FAZ.NET › Politik › Inland","neue Wahlrecht",,,,"4","Wie CSU und Linke gegen das neue Wahlrecht kämpfen","organic","https://www.faz.net/aktuell/politik/inland/wie-csu-und-linke-gegen-das-neue-wahlrecht-kaempfen-19673865.html"
"DE","DESKTOP","google.de",,,"1","5","3 Das neue Wahlrecht site:faz.net","SEARCH","http://www.google.de/search?q=3+Das+neue+Wahlrecht+site%3Afaz.net&num=5","3270","2024-04-23T12:00:00.000Z","Verstößt das neue Wahlrecht gegen die Verfassung? 2. Was bedeutet Brorhilkers Abschied für die Cum-ex-Ermittlungen? 3. Erhält UNRWA bald ...","https://www.faz.net › aktuell › guten-morgen-19670500","neue Wahlrecht","3",,,"5","Guten Morgen!","organic","https://www.faz.net/aktuell/guten-morgen-19670500.html"
"DE","DESKTOP","google.de",,,"1","5","Ist eine Geschlechterquote im Wahlrecht verfassungsgemäß? site:faz.net","SEARCH","http://www.google.de/search?q=Ist+eine+Geschlechterquote+im+Wahlrecht+verfassungsgem%C3%A4%C3%9F%3F+site%3Afaz.net&num=5","230","2023-08-03T12:00:00.000Z","Am Weltfrauentag fragen wir die Rechtswissenschaftlerin Laura Volk, ob ein paritätisches Wahlrecht mit dem Grundgesetz vereinbar ist.","https://www.faz.net › ... › Gesellschaft › Menschen","Wahlrecht",,,,"1","Ist eine Geschlechterquote im Wahlrecht verfassungsgemäß?","organic","https://www.faz.net/aktuell/gesellschaft/menschen/weltfrauentag-ist-eine-geschlechterquote-im-wahlrecht-verfassungsgemaess-18733070.html"
"DE","DESKTOP","google.de",,,"1","5","Ist eine Geschlechterquote im Wahlrecht verfassungsgemäß? site:faz.net","SEARCH","http://www.google.de/search?q=Ist+eine+Geschlechterquote+im+Wahlrecht+verfassungsgem%C3%A4%C3%9F%3F+site%3Afaz.net&num=5","230","2023-03-19T12:00:00.000Z","Quoten im Parlament wären eine Rückkehr zum Ständestaat und eine Abkehr von Freiheit und Demokratie.","https://www.faz.net › FAZ.NET › Politik › Inland",,,,,"2","Forderung nach Geschlechterparität ist verfassungswidrig","organic","https://www.faz.net/aktuell/politik/inland/forderung-nach-geschlechterparitaet-ist-verfassungswidrig-18760511.html"
"DE","DESKTOP","google.de",,,"1","5","Ist eine Geschlechterquote im Wahlrecht verfassungsgemäß? site:faz.net","SEARCH","http://www.google.de/search?q=Ist+eine+Geschlechterquote+im+Wahlrecht+verfassungsgem%C3%A4%C3%9F%3F+site%3Afaz.net&num=5","230","2023-03-27T12:00:00.000Z","Einen Zwang zur Geschlechterparität bei der Aufstellung von Kandidaten für Wahlen darf es nicht geben. Das sagen Verfassungsgerichte ...","https://www.faz.net › ... › Politik › Politische Bücher",,,,,"3","Das Grundgesetz als unüberwindliches Hindernis","organic","https://www.faz.net/aktuell/politik/politische-buecher/das-grundgesetz-als-unueberwindliches-hindernis-18780399.html"
"DE","DESKTOP","google.de",,,"1","5","Ist eine Geschlechterquote im Wahlrecht verfassungsgemäß? site:faz.net","SEARCH","http://www.google.de/search?q=Ist+eine+Geschlechterquote+im+Wahlrecht+verfassungsgem%C3%A4%C3%9F%3F+site%3Afaz.net&num=5","230","2018-11-25T12:00:00.000Z","Bei einer Frauenquote im Wahlrecht kämen einige rechtliche und praktische Probleme auf das demokratische System zu. Manche Parteien müssten ...","https://www.faz.net › FAZ.NET › Politik › Inland","Wahlrecht",,,,"4","Rechtliche und praktische Probleme bei Frauenquote im ...","organic","https://www.faz.net/aktuell/politik/inland/rechtliche-und-praktische-probleme-bei-frauenquote-im-wahlrecht-15905826.html"
"DE","DESKTOP","google.de",,,"1","5","Ist eine Geschlechterquote im Wahlrecht verfassungsgemäß? site:faz.net","SEARCH","http://www.google.de/search?q=Ist+eine+Geschlechterquote+im+Wahlrecht+verfassungsgem%C3%A4%C3%9F%3F+site%3Afaz.net&num=5","230","2022-08-09T12:00:00.000Z","Anna Gloßner lehnt Frauenquoten in Wahlgesetzen ab – und verwirft konservative Thesen. Eine Buchbesprechung.","https://www.faz.net › FAZ.NET › Einspruch",,,,,"5","Frauenquoten in Wahlgesetzen: Progressiv gegen ...","organic","https://www.faz.net/einspruch/frauenquoten-in-wahlgesetzen-progressiv-gegen-paritaetsgesetze-18302365.html"
"DE","DESKTOP","google.de",,,"1","5","Die Ampel ändert das Wahlrecht - das sind die Eckpunkte site:faz.net","SEARCH","http://www.google.de/search?q=Die+Ampel+%C3%A4ndert+das+Wahlrecht+-+das+sind+die+Eckpunkte+site%3Afaz.net&num=5","34","2023-03-17T12:00:00.000Z","Weniger Abgeordnete, keine Grundmandatsklausel – das neue Wahlrecht erhitzt viele Gemüter. Für CSU und Linke geht es gar um die ...","https://www.faz.net › FAZ.NET › Politik › Inland","Wahlrecht",,,,"1","Die Ampel ändert das Wahlrecht: Weniger Abgeordnete im ...","organic","https://www.faz.net/aktuell/politik/inland/die-ampel-aendert-das-wahlrecht-weniger-abgeordnete-im-bundestag-18751111.html"
"DE","DESKTOP","google.de",,,"1","5","Die Ampel ändert das Wahlrecht - das sind die Eckpunkte site:faz.net","SEARCH","http://www.google.de/search?q=Die+Ampel+%C3%A4ndert+das+Wahlrecht+-+das+sind+die+Eckpunkte+site%3Afaz.net&num=5","34","2023-03-17T12:00:00.000Z","Mit den Stimmen der Ampel-Parlamentarier hat der Bundestag eine Wahlrechtsreform gebilligt, die das Parlament auf höchstens 630 Abgeordnete ...","https://www.faz.net › FAZ.NET › Politik › Inland","Ampel",,,,"2","Wahlrecht: Das ändert sich durch die Reform der Ampel","organic","https://www.faz.net/aktuell/politik/inland/wahlrecht-das-aendert-sich-durch-die-reform-der-ampel-18756037.html"
"DE","DESKTOP","google.de",,,"1","5","Die Ampel ändert das Wahlrecht - das sind die Eckpunkte site:faz.net","SEARCH","http://www.google.de/search?q=Die+Ampel+%C3%A4ndert+das+Wahlrecht+-+das+sind+die+Eckpunkte+site%3Afaz.net&num=5","34","2023-03-17T12:00:00.000Z","Die Koalition schafft die Möglichkeit, Linkspartei und CSU aus dem Bundestag zu kegeln. Das erweist dem deutschen Föderalismus einen ...","https://www.faz.net › FAZ.NET › Politik › Inland",,,,,"3","Wahlrecht-Reform: Ampel will Abschaffung der ...","organic","https://www.faz.net/aktuell/politik/inland/wahlrecht-reform-ampel-will-abschaffung-der-grundmandatsklausel-18755595.html"
"DE","DESKTOP","google.de",,,"1","5","Die Ampel ändert das Wahlrecht - das sind die Eckpunkte site:faz.net","SEARCH","http://www.google.de/search?q=Die+Ampel+%C3%A4ndert+das+Wahlrecht+-+das+sind+die+Eckpunkte+site%3Afaz.net&num=5","34","2023-11-29T12:00:00.000Z","Nach einer weiteren Reform aus diesem Jahr ist das Wahlrecht von 2020 zwar weitgehend überholt. Die Entscheidung ist aber trotzdem von ...","https://www.faz.net › FAZ.NET › Politik › Inland","Wahlrecht",,,,"4","Wahlrechtsreform von 2020 mit Grundgesetz vereinbar","organic","https://www.faz.net/aktuell/politik/inland/bundesverfassungsgericht-wahlrechtsreform-von-2020-mit-grundgesetz-vereinbar-19348085.html"
"DE","DESKTOP","google.de",,,"1","5","Die Ampel ändert das Wahlrecht - das sind die Eckpunkte site:faz.net","SEARCH","http://www.google.de/search?q=Die+Ampel+%C3%A4ndert+das+Wahlrecht+-+das+sind+die+Eckpunkte+site%3Afaz.net&num=5","34","2023-11-29T12:00:00.000Z","Warum entscheidet das Bundesverfassungsgericht über eine Wahlrechtsreform der großen Koalition? Warum wollten Grüne, FDP und Linke das ...","https://www.faz.net › FAZ.NET › Politik › Inland",,,,,"5","Warum Karlsruhe über eine Wahlrechtsreform der alten ...","organic","https://www.faz.net/aktuell/politik/inland/warum-karlsruhe-ueber-eine-wahlrechtsreform-der-alten-regierung-urteilt-19346640.html"
"DE","DESKTOP","google.de",,,"1","5","Passives Wahlrecht für Sechzehnjährige in Kommunen site:faz.net","SEARCH","http://www.google.de/search?q=Passives+Wahlrecht+f%C3%BCr+Sechzehnj%C3%A4hrige+in+Kommunen+site%3Afaz.net&num=5","3","2023-03-29T12:00:00.000Z","Bei der Modernisierung des Kommunalwahlrechts will Baden-Württemberg Vorbild sein. Die kommunalen Spitzenverbände sehen die Reform kritisch.","https://www.faz.net › FAZ.NET › Politik › Inland",,,,,"1","Baden-Württemberg: Passives Wahlrecht für 16-Jährige","organic","https://www.faz.net/aktuell/politik/inland/baden-wuerttemberg-passives-wahlrecht-fuer-16-jaehrige-18785533.html"
"DE","DESKTOP","google.de",,,"1","5","Passives Wahlrecht für Sechzehnjährige in Kommunen site:faz.net","SEARCH","http://www.google.de/search?q=Passives+Wahlrecht+f%C3%BCr+Sechzehnj%C3%A4hrige+in+Kommunen+site%3Afaz.net&num=5","3",,"Aktuelle Nachrichten zur Grüne Jugend im Überblick: Hier finden Sie alle Informationen der FAZ zur Jugendorganisation der Grünen.","https://www.faz.net › politik › thema › gruene-jugend",,,,,"2","Grüne Jugend: News der FAZ zum Jugendverband","organic","https://www.faz.net/aktuell/politik/thema/gruene-jugend"
"DE","DESKTOP","google.de",,,"1","5","Passives Wahlrecht für Sechzehnjährige in Kommunen site:faz.net","SEARCH","http://www.google.de/search?q=Passives+Wahlrecht+f%C3%BCr+Sechzehnj%C3%A4hrige+in+Kommunen+site%3Afaz.net&num=5","3",,"Artikel-Übersicht des 29.06.2023. Hier finden Sie auf einen Blick Nachrichten, Meldungen und Hintergrundberichte der F.A.Z..","https://www.faz.net › artikel-chronik › nachrichten-202...",,,,,"3","Chronik vom 29.06.2023: Nachrichten und Meldungen","organic","https://www.faz.net/artikel-chronik/nachrichten-2023-juni-29/"
"DE","DESKTOP","google.de",,,"1","5","Die fatale Debatte über das Wahlrecht site:faz.net","SEARCH","http://www.google.de/search?q=Die+fatale+Debatte+%C3%BCber+das+Wahlrecht+site%3Afaz.net&num=5","29","2023-01-27T12:00:00.000Z","Die Ampel will mit einer Wahlrechtsreform den Bundestag verkleinern. Das stößt vor allem bei der CSU auf Widerstand.","https://www.faz.net › FAZ.NET › Politik › Inland",,,,,"1","Neues Wahlrecht: Das ist der Vorschlag der Ampel-Koalition","organic","https://www.faz.net/aktuell/politik/inland/neues-wahlrecht-das-ist-der-vorschlag-der-ampel-koalition-18631700.html"
"DE","DESKTOP","google.de",,,"1","5","Die fatale Debatte über das Wahlrecht site:faz.net","SEARCH","http://www.google.de/search?q=Die+fatale+Debatte+%C3%BCber+das+Wahlrecht+site%3Afaz.net&num=5","29","2023-01-27T12:00:00.000Z","Als der Bundestag in erster Lesung über die Wahlrechtsreform debattiert, sind grob geschätzt, rund hundert Abgeordnete anwesend.","https://www.faz.net › FAZ.NET › Politik › Inland",,,,,"2","Debatte im Bundestag über Wahlrechtsreform","organic","https://www.faz.net/aktuell/politik/inland/debatte-im-bundestag-ueber-wahlrechtsreform-18635037.html"
"DE","DESKTOP","google.de",,,"1","5","Die fatale Debatte über das Wahlrecht site:faz.net","SEARCH","http://www.google.de/search?q=Die+fatale+Debatte+%C3%BCber+das+Wahlrecht+site%3Afaz.net&num=5","29","2023-01-26T12:00:00.000Z","Der Bundestag tut so, als hänge seine Legitimation, sein Ansehen und seine Qualität von seiner Größe ab. Das ist falsch und gehorcht ...","https://www.faz.net › FAZ.NET › Politik › Inland",,,,,"3","Bundestag soll verkleinern werden: Warum das falsch ist","organic","https://www.faz.net/aktuell/politik/inland/bundestag-soll-verkleinern-werden-warum-das-falsch-ist-18628036.html"
"DE","DESKTOP","google.de",,,"1","5","Die fatale Debatte über das Wahlrecht site:faz.net","SEARCH","http://www.google.de/search?q=Die+fatale+Debatte+%C3%BCber+das+Wahlrecht+site%3Afaz.net&num=5","29",,"Informationen zum deutschen Wahlrecht im Überblick: Hier finden Sie alle Nachrichten der FAZ rund um Wahlrechtsreformen.","https://www.faz.net › politik › thema › wahlrecht-p3","Wahlrecht",,,,"4","Wahlrecht aktuell: Alle Änderungen und Reformen im ...","organic","https://www.faz.net/aktuell/politik/thema/wahlrecht-p3"
"DE","DESKTOP","google.de",,,"1","5","Ampel kritisiert Pläne der Union für neues Wahlrecht site:faz.net","SEARCH","http://www.google.de/search?q=Ampel+kritisiert+Pl%C3%A4ne+der+Union+f%C3%BCr+neues+Wahlrecht+site%3Afaz.net&num=5","140","2023-01-16T12:00:00.000Z","Die Union will vor dem Bundesverfassungsgericht gegen die Pläne für eine Wahlrechtsreform klagen. Das hat die Ampelkoalition eingepreist.","https://www.faz.net › FAZ.NET › Politik › Inland","Union","Pläne",,,"1","Wahlrechtsreform: Union übt Kritik an Plänen der Ampel","organic","https://www.faz.net/aktuell/politik/inland/wahlrechtsreform-union-uebt-kritik-an-plaenen-der-ampel-18606625.html"
"DE","DESKTOP","google.de",,,"1","5","Ampel kritisiert Pläne der Union für neues Wahlrecht site:faz.net","SEARCH","http://www.google.de/search?q=Ampel+kritisiert+Pl%C3%A4ne+der+Union+f%C3%BCr+neues+Wahlrecht+site%3Afaz.net&num=5","140","2023-01-20T12:00:00.000Z","Die Union will die Zahl der Wahlkreise reduzieren. Vertreter von Grünen und FDP kritisieren den Vorschlag. Ein Grüner wirft der Union vor, ...","https://www.faz.net › FAZ.NET › Politik › Inland","Union","Union",,,"2","Grüne und FDP kritisieren Union-Vorschlag","organic","https://www.faz.net/aktuell/politik/inland/wahlrechtsreform-gruene-und-fdp-kritisieren-union-vorschlag-18616575.html"
"DE","DESKTOP","google.de",,,"1","5","Ampel kritisiert Pläne der Union für neues Wahlrecht site:faz.net","SEARCH","http://www.google.de/search?q=Ampel+kritisiert+Pl%C3%A4ne+der+Union+f%C3%BCr+neues+Wahlrecht+site%3Afaz.net&num=5","140",,"Informationen zum deutschen Wahlrecht im Überblick: Hier finden Sie alle Nachrichten der FAZ rund um Wahlrechtsreformen.","https://www.faz.net › politik › thema › wahlrecht-p3","Wahlrecht",,,,"3","Wahlrecht aktuell: Alle Änderungen und Reformen im ...","organic","https://www.faz.net/aktuell/politik/thema/wahlrecht-p3"
"DE","DESKTOP","google.de",,,"1","5","Ampel kritisiert Pläne der Union für neues Wahlrecht site:faz.net","SEARCH","http://www.google.de/search?q=Ampel+kritisiert+Pl%C3%A4ne+der+Union+f%C3%BCr+neues+Wahlrecht+site%3Afaz.net&num=5","140","2023-03-17T12:00:00.000Z","Dieses Wahlrecht dürfe keine Anwendung bei einer Bundestagswahl finden, sagt der CDU-Vorsitzende Friedrich Merz. Das neue Wahlrecht war ...","https://www.faz.net › FAZ.NET › Politik › Inland","neue Wahlrecht",,,,"4","Wahlrechtsreform: Union kündigt Klage in Karlsruhe an","organic","https://www.faz.net/aktuell/politik/inland/wahlrechtsreform-union-kuendigt-klage-in-karlsruhe-an-18755282.html"
"DE","DESKTOP","google.de",,,"1","5","Ampel kritisiert Pläne der Union für neues Wahlrecht site:faz.net","SEARCH","http://www.google.de/search?q=Ampel+kritisiert+Pl%C3%A4ne+der+Union+f%C3%BCr+neues+Wahlrecht+site%3Afaz.net&num=5","140","2024-04-23T12:00:00.000Z","Verstößt das neue Wahlrecht gegen die Verfassung? 2. Was bedeutet Brorhilkers Abschied für die Cum-ex-Ermittlungen? 3. Erhält UNRWA bald wieder ...","https://www.faz.net › aktuell › guten-morgen-19670500","neue Wahlrecht",,,,"5","Guten Morgen!","organic","https://www.faz.net/aktuell/guten-morgen-19670500.html"
"DE","DESKTOP","google.de",,,"1","5","Söder kündigt Klage gegen Wahlrecht an site:faz.net","SEARCH","http://www.google.de/search?q=S%C3%B6der+k%C3%BCndigt+Klage+gegen+Wahlrecht+an+site%3Afaz.net&num=5","39","2023-03-16T12:00:00.000Z","Natürlich sei das geplante Wahlrecht verfassungswidrig, sagt die CSU. Ihr droht, im Bundestag nicht mehr vertreten zu sein.","https://www.faz.net › FAZ.NET › Politik › Inland","Wahlrecht",,,,"1","Markus Söder will gegen Ampel-Plan klagen","organic","https://www.faz.net/aktuell/politik/inland/wahlrechtsreform-markus-soeder-will-gegen-ampel-plan-klagen-18752527.html"
"DE","DESKTOP","google.de",,,"1","5","Söder kündigt Klage gegen Wahlrecht an site:faz.net","SEARCH","http://www.google.de/search?q=S%C3%B6der+k%C3%BCndigt+Klage+gegen+Wahlrecht+an+site%3Afaz.net&num=5","39","2023-03-17T12:00:00.000Z","Dieses Wahlrecht dürfe keine Anwendung bei einer Bundestagswahl finden, sagt der CDU-Vorsitzende Friedrich Merz. Das neue Wahlrecht war ...","https://www.faz.net › FAZ.NET › Politik › Inland","Wahlrecht","bei","Wahlrecht",,"2","Wahlrechtsreform: Union kündigt Klage in Karlsruhe an","organic","https://www.faz.net/aktuell/politik/inland/wahlrechtsreform-union-kuendigt-klage-in-karlsruhe-an-18755282.html"
"DE","DESKTOP","google.de",,,"1","5","Söder kündigt Klage gegen Wahlrecht an site:faz.net","SEARCH","http://www.google.de/search?q=S%C3%B6der+k%C3%BCndigt+Klage+gegen+Wahlrecht+an+site%3Afaz.net&num=5","39",,"Informationen zum deutschen Wahlrecht im Überblick: Hier finden Sie alle Nachrichten der FAZ rund um Wahlrechtsreformen.","https://www.faz.net › politik › thema › wahlrecht-p2","Wahlrecht",,,,"3","Wahlrecht aktuell: Alle Änderungen und Reformen im ...","organic","https://www.faz.net/aktuell/politik/thema/wahlrecht-p2"
"DE","DESKTOP","google.de",,,"1","5","Söder kündigt Klage gegen Wahlrecht an site:faz.net","SEARCH","http://www.google.de/search?q=S%C3%B6der+k%C3%BCndigt+Klage+gegen+Wahlrecht+an+site%3Afaz.net&num=5","39","2023-03-28T12:00:00.000Z","Die CSU beschwert sich heftig über das von der Ampel beschlossene neue Wahlrecht. Doch für die anstehende Landtagswahl könnte es Gold wert ...","https://www.faz.net › FAZ.NET › Politik › Inland","Wahlrecht",,,,"4","Wie Söder bei der Landtagswahl vom neuen Wahlrecht ...","organic","https://www.faz.net/aktuell/politik/inland/wie-soeder-bei-der-landtagswahl-vom-neuen-wahlrecht-profitieren-koennte-18772802.html"
"DE","DESKTOP","google.de",,,"1","5","Söder kündigt Klage gegen Wahlrecht an site:faz.net","SEARCH","http://www.google.de/search?q=S%C3%B6der+k%C3%BCndigt+Klage+gegen+Wahlrecht+an+site%3Afaz.net&num=5","39","2023-03-19T12:00:00.000Z","Die von der Ampel beschlossene Wahlrechtsreform könnte das Ende der Christsozialen in ihrer jetzigen Form sein. Doch auch wenn mancher jetzt ...","https://www.faz.net › FAZ.NET › Politik › Inland",,,,,"5","Änderung des Wahlrechts: Die CSU darf nicht sterben","organic","https://www.faz.net/aktuell/politik/inland/aenderung-des-wahlrechts-die-csu-darf-nicht-sterben-18756529.html"
"DE","DESKTOP","google.de",,,"1","5","Zu viel Zufall im geänderten Wahlrecht site:faz.net","SEARCH","http://www.google.de/search?q=Zu+viel+Zufall+im+ge%C3%A4nderten+Wahlrecht+site%3Afaz.net&num=5","63","2023-01-26T12:00:00.000Z","Zu viel Zufall im geänderten Wahlrecht. Zu dem Artikel „Wie in einem Schurkenstaat?“ von Helene Bubrowski in der F.A.Z. vom 17. Januar: Es ...","https://www.faz.net › ... › Briefe an die Herausgeber","Zu viel Zufall im geänderten Wahlrecht",,,,"1","Leserbriefe vom 26. Januar 2023","organic","https://www.faz.net/aktuell/politik/briefe-an-die-herausgeber/leserbriefe-vom-26-januar-2023-18628917.html"
"DE","DESKTOP","google.de",,,"1","5","Zu viel Zufall im geänderten Wahlrecht site:faz.net","SEARCH","http://www.google.de/search?q=Zu+viel+Zufall+im+ge%C3%A4nderten+Wahlrecht+site%3Afaz.net&num=5","63","2023-12-07T12:00:00.000Z","Wolfgang Schäuble ist der längstgediente Abgeordnete des Deutschen Bundestags. Uns erzählt er, warum er gegen eine Verlängerung der ...","https://www.faz.net › FAZ.NET › Politik › Inland",,,,,"2","Wolfgang Schäuble über Wahlrechtsreform und längere ...","organic","https://www.faz.net/aktuell/politik/inland/wolfgang-schaeuble-ueber-wahlrechtsreform-und-laengere-legislaturperiode-19023997.html"
"DE","DESKTOP","google.de",,,"1","5","Zu viel Zufall im geänderten Wahlrecht site:faz.net","SEARCH","http://www.google.de/search?q=Zu+viel+Zufall+im+ge%C3%A4nderten+Wahlrecht+site%3Afaz.net&num=5","63",,"Vier Bundesstaaten haben das Wahlrecht für die November-Wahl geändert, weitere wollen folgen. Es gibt Regionen wie den Bundesstaat Washington, in denen die ...","https://www.faz.net › FAZ.NET › Politik › US-Wahl","Wahlrecht",,,,"3","Warnungen vor Briefwahl: Trumps fürchtet rege Wahlbeteiligung","organic","https://www.faz.net/aktuell/politik/us-wahl/warnungen-vor-briefwahl-trumps-fuerchtet-rege-wahlbeteiligung-16785685.html"
"DE","DESKTOP","google.de",,,"1","5","Zu viel Zufall im geänderten Wahlrecht site:faz.net","SEARCH","http://www.google.de/search?q=Zu+viel+Zufall+im+ge%C3%A4nderten+Wahlrecht+site%3Afaz.net&num=5","63",,"News zu Rechtsprechung im Überblick: Hier finden Sie alle Meldungen und Informationen der FAZ zum Thema Rechtsprechung.","https://www.faz.net › aktuell › wirtschaft › thema › rec...",,,,,"4","Rechtsprechung aktuell: News und Informationen der ...","organic","https://www.faz.net/aktuell/wirtschaft/thema/rechtsprechung"
"DE","DESKTOP","google.de",,,"1","5","SPD wirbt für Wahlrecht ab 16 site:faz.net","SEARCH","http://www.google.de/search?q=SPD+wirbt+f%C3%BCr+Wahlrecht+ab+16+site%3Afaz.net&num=5","7520","2024-02-24T12:00:00.000Z","Wer 16 ist, darf das Europaparlament und in sechs Bundesländern den Landtag mitwählen. Das tue der Demokratie gut, sagt Bärbel Bas, ...","https://www.faz.net › FAZ.NET › Politik › Inland","16",,,,"1","Bas für Wahlrecht ab 16 auch für Bundestag","organic","https://www.faz.net/aktuell/politik/inland/bas-fuer-wahlrecht-ab-16-auch-fuer-bundestag-19542775.html"
"DE","DESKTOP","google.de",,,"1","5","SPD wirbt für Wahlrecht ab 16 site:faz.net","SEARCH","http://www.google.de/search?q=SPD+wirbt+f%C3%BCr+Wahlrecht+ab+16+site%3Afaz.net&num=5","7520",,"vor 2 Tagen — Bei der Europawahl am 9. Juni dürfen erstmals auch Sechzehnjährige wählen. Sollte man das Mindestwahlalter grundsätzlich senken?","https://www.faz.net › FAZ.NET › Rhein-Main",,,,,"2","Wahlalter bei der Europawahl 2024: Das sagen Schüler ...","organic","https://www.faz.net/aktuell/rhein-main/wahlalter-bei-der-europawahl-2024-das-sagen-schueler-und-lehrer-dazu-19755200.html"
"DE","DESKTOP","google.de",,,"1","5","SPD wirbt für Wahlrecht ab 16 site:faz.net","SEARCH","http://www.google.de/search?q=SPD+wirbt+f%C3%BCr+Wahlrecht+ab+16+site%3Afaz.net&num=5","7520",,"vor 10 Stunden — Wenn sich Jugendliche mit 16 nicht für Politik interessieren, wie sollen sie es mit 17 oder 18? Das Desinteresse könnte auch an Lehrern und ...","https://www.faz.net › FAZ.NET › Politik › Inland","mit 16","mit",,,"3","Wahlalter 16 Jahre? Eigentor des Lehrerverbands","organic","https://www.faz.net/aktuell/politik/inland/wahlalter-16-jahre-eigentor-des-lehrerverbands-19766442.html"
"DE","DESKTOP","google.de",,,"1","5","SPD wirbt für Wahlrecht ab 16 site:faz.net","SEARCH","http://www.google.de/search?q=SPD+wirbt+f%C3%BCr+Wahlrecht+ab+16+site%3Afaz.net&num=5","7520","2021-10-26T12:00:00.000Z","Der Bundestag wählt Bärbel Bas zu seiner Präsidentin. Sie wirbt für mehr Bürgernähe – und fordert, endlich eine Wahlrechtsreform anzugehen, ...","https://www.faz.net › FAZ.NET › Politik › Inland","wirbt",,,,"4","Erste Rede von Bärbel Bas als Bundestagspräsidentin","organic","https://www.faz.net/aktuell/politik/inland/erste-rede-von-baerbel-bas-als-bundestagspraesidentin-17603231.html"
