web-scraper-order,web-scraper-start-url,pageanation,pageanation-href,url,url-href,topic,date
"1717583069-1","https://www.nd-aktuell.de/suche/index.php?and=agrardiesel+bauernprotest+bauernproteste&search=Suchen&s0_d=01&s0_m=12&s0_y=2023&s1_d=29&s1_m=02&s1_y=2024&modus=1&sort=1&searchfields%5B%5D=0&searchfields%5B%5D=1&searchfields%5B%5D=2&searchfields%5B%5D=3&display=0","","","Anthony Lee: Der Bauern-Influencer","https://www.nd-aktuell.de/artikel/1180313.europaparlament-anthony-lee-der-bauern-influencer.html?sstr=agrardiesel|bauernprotest|bauernproteste","Europaparlament
													Kommentare","26.02.2024"
"1717583069-2","https://www.nd-aktuell.de/suche/index.php?and=agrardiesel+bauernprotest+bauernproteste&search=Suchen&s0_d=01&s0_m=12&s0_y=2023&s1_d=29&s1_m=02&s1_y=2024&modus=1&sort=1&searchfields%5B%5D=0&searchfields%5B%5D=1&searchfields%5B%5D=2&searchfields%5B%5D=3&display=0","","","Endlosschleife beim Wachstumschancengesetz","https://www.nd-aktuell.de/artikel/1180230.steuersenkungen-endlosschleife-beim-wachstumschancengesetz.html?sstr=agrardiesel|bauernprotest|bauernproteste","Steuersenkungen
													Politik","22.02.2024"
"1717583069-3","https://www.nd-aktuell.de/suche/index.php?and=agrardiesel+bauernprotest+bauernproteste&search=Suchen&s0_d=01&s0_m=12&s0_y=2023&s1_d=29&s1_m=02&s1_y=2024&modus=1&sort=1&searchfields%5B%5D=0&searchfields%5B%5D=1&searchfields%5B%5D=2&searchfields%5B%5D=3&display=0","","","Indien: Bauern setzen »Marsch auf Delhi« fort","https://www.nd-aktuell.de/artikel/1180156.bauernproteste-indien-bauern-setzen-marsch-auf-delhi-fort.html?sstr=agrardiesel|bauernprotest|bauernproteste","Bauernproteste
													Wirtschaft und Umwelt","20.02.2024"
"1717583069-4","https://www.nd-aktuell.de/suche/index.php?and=agrardiesel+bauernprotest+bauernproteste&search=Suchen&s0_d=01&s0_m=12&s0_y=2023&s1_d=29&s1_m=02&s1_y=2024&modus=1&sort=1&searchfields%5B%5D=0&searchfields%5B%5D=1&searchfields%5B%5D=2&searchfields%5B%5D=3&display=0","","","Polizeisprecher Martin: »Wir können nicht die Welt retten«","https://www.nd-aktuell.de/artikel/1180097.polizei-polizeisprecher-martin-wir-koennen-nicht-die-welt-retten.html?sstr=agrardiesel|bauernprotest|bauernproteste","Polizei
													Politik","18.02.2024"
"1717583069-5","https://www.nd-aktuell.de/suche/index.php?and=agrardiesel+bauernprotest+bauernproteste&search=Suchen&s0_d=01&s0_m=12&s0_y=2023&s1_d=29&s1_m=02&s1_y=2024&modus=1&sort=1&searchfields%5B%5D=0&searchfields%5B%5D=1&searchfields%5B%5D=2&searchfields%5B%5D=3&display=0","","","Söder kann die Hetze gegen die Grünen nicht sein lassen","https://www.nd-aktuell.de/artikel/1180020.aschermittwoch-soeder-kann-die-hetze-gegen-die-gruenen-nicht-sein-lassen.html?sstr=agrardiesel|bauernprotest|bauernproteste","Aschermittwoch
													Kommentare","14.02.2024"
"1717583069-6","https://www.nd-aktuell.de/suche/index.php?and=agrardiesel+bauernprotest+bauernproteste&search=Suchen&s0_d=01&s0_m=12&s0_y=2023&s1_d=29&s1_m=02&s1_y=2024&modus=1&sort=1&searchfields%5B%5D=0&searchfields%5B%5D=1&searchfields%5B%5D=2&searchfields%5B%5D=3&display=0","","","Der Handschlag mit den Bauern gilt","https://www.nd-aktuell.de/artikel/1179963.bauernproteste-der-handschlag-mit-den-bauern-gilt.html?sstr=agrardiesel|bauernprotest|bauernproteste","Bauernproteste
													Berlin","12.02.2024"
"1717583069-7","https://www.nd-aktuell.de/suche/index.php?and=agrardiesel+bauernprotest+bauernproteste&search=Suchen&s0_d=01&s0_m=12&s0_y=2023&s1_d=29&s1_m=02&s1_y=2024&modus=1&sort=1&searchfields%5B%5D=0&searchfields%5B%5D=1&searchfields%5B%5D=2&searchfields%5B%5D=3&display=0","","","Neue Munitionsfabrik in Unterlüß: Rheinmetall hält Hof","https://www.nd-aktuell.de/artikel/1179949.niedersachsen-neue-munitionsfabrik-in-unterluess-rheinmetall-haelt-hof.html?sstr=agrardiesel|bauernprotest|bauernproteste","Niedersachsen
													Politik","12.02.2024"
"1717583069-8","https://www.nd-aktuell.de/suche/index.php?and=agrardiesel+bauernprotest+bauernproteste&search=Suchen&s0_d=01&s0_m=12&s0_y=2023&s1_d=29&s1_m=02&s1_y=2024&modus=1&sort=1&searchfields%5B%5D=0&searchfields%5B%5D=1&searchfields%5B%5D=2&searchfields%5B%5D=3&display=0","","","Umweltschutz in Brandenburg: Dietmar Woidkes Klimablockade","https://www.nd-aktuell.de/artikel/1179761.klimaschutz-umweltschutz-in-brandenburg-dietmar-woidkes-klimablockade.html?sstr=agrardiesel|bauernprotest|bauernproteste","Klimaschutz
													Berlin","04.02.2024"
"1717583069-9","https://www.nd-aktuell.de/suche/index.php?and=agrardiesel+bauernprotest+bauernproteste&search=Suchen&s0_d=01&s0_m=12&s0_y=2023&s1_d=29&s1_m=02&s1_y=2024&modus=1&sort=1&searchfields%5B%5D=0&searchfields%5B%5D=1&searchfields%5B%5D=2&searchfields%5B%5D=3&display=0","","","Haushalt 2024: CDU sabotiert erneut die Pläne der Ampel","https://www.nd-aktuell.de/artikel/1179705.haushaltswoche-haushalt-cdu-sabotiert-erneut-die-plaene-der-ampel.html?sstr=agrardiesel|bauernprotest|bauernproteste","Haushaltswoche
													Politik","01.02.2024"
"1717583069-10","https://www.nd-aktuell.de/suche/index.php?and=agrardiesel+bauernprotest+bauernproteste&search=Suchen&s0_d=01&s0_m=12&s0_y=2023&s1_d=29&s1_m=02&s1_y=2024&modus=1&sort=1&searchfields%5B%5D=0&searchfields%5B%5D=1&searchfields%5B%5D=2&searchfields%5B%5D=3&display=0","","","Landwirte in Portugal stellen sich quer","https://www.nd-aktuell.de/artikel/1179701.bauernproteste-landwirte-in-portugal-stellen-sich-quer.html?sstr=agrardiesel|bauernprotest|bauernproteste","Bauernproteste
													Politik","01.02.2024"
"1717583071-11","https://www.nd-aktuell.de/suche/index.php?and=agrardiesel+bauernprotest+bauernproteste&search=Suchen&s0_d=01&s0_m=12&s0_y=2023&s1_d=29&s1_m=02&s1_y=2024&modus=1&sort=1&searchfields%5B%5D=0&searchfields%5B%5D=1&searchfields%5B%5D=2&searchfields%5B%5D=3&display=0","5","https://www.nd-aktuell.de/suche/index.php?start=40&search=1&and=agrardiesel+bauernprotest+bauernproteste&modus=1&s0_y=2023&s0_m=12&s0_d=01&s1_y=2024&s1_m=02&s1_d=29&sstr=agrardiesel%7Cbauernprotest%7Cbauernproteste&sort=1&display=0&searchfields%5B0%5D=0&searchfields%5B1%5D=1&searchfields%5B2%5D=2&searchfields%5B3%5D=3","Empfindliche Kürzungen beim Meeresnaturschutz","https://www.nd-aktuell.de/artikel/1179088.bundeshaushalt-empfindliche-kuerzungen-beim-meeresnaturschutz.html?sstr=agrardiesel|bauernprotest|bauernproteste","Bundeshaushalt
													Wirtschaft und Umwelt","09.01.2024"
"1717583071-12","https://www.nd-aktuell.de/suche/index.php?and=agrardiesel+bauernprotest+bauernproteste&search=Suchen&s0_d=01&s0_m=12&s0_y=2023&s1_d=29&s1_m=02&s1_y=2024&modus=1&sort=1&searchfields%5B%5D=0&searchfields%5B%5D=1&searchfields%5B%5D=2&searchfields%5B%5D=3&display=0","5","https://www.nd-aktuell.de/suche/index.php?start=40&search=1&and=agrardiesel+bauernprotest+bauernproteste&modus=1&s0_y=2023&s0_m=12&s0_d=01&s1_y=2024&s1_m=02&s1_d=29&sstr=agrardiesel%7Cbauernprotest%7Cbauernproteste&sort=1&display=0&searchfields%5B0%5D=0&searchfields%5B1%5D=1&searchfields%5B2%5D=2&searchfields%5B3%5D=3","Proteste der Bauern: Pixelpatrioten im Bauernaufstand","https://www.nd-aktuell.de/artikel/1179031.bauernproteste-proteste-der-bauern-pixelpatrioten-im-bauernaufstand.html?sstr=agrardiesel|bauernprotest|bauernproteste","Bauernproteste
													Politik","09.01.2024"
"1717583071-13","https://www.nd-aktuell.de/suche/index.php?and=agrardiesel+bauernprotest+bauernproteste&search=Suchen&s0_d=01&s0_m=12&s0_y=2023&s1_d=29&s1_m=02&s1_y=2024&modus=1&sort=1&searchfields%5B%5D=0&searchfields%5B%5D=1&searchfields%5B%5D=2&searchfields%5B%5D=3&display=0","5","https://www.nd-aktuell.de/suche/index.php?start=40&search=1&and=agrardiesel+bauernprotest+bauernproteste&modus=1&s0_y=2023&s0_m=12&s0_d=01&s1_y=2024&s1_m=02&s1_d=29&sstr=agrardiesel%7Cbauernprotest%7Cbauernproteste&sort=1&display=0&searchfields%5B0%5D=0&searchfields%5B1%5D=1&searchfields%5B2%5D=2&searchfields%5B3%5D=3","Bauernproteste: Alles Querköppe und Nazis?","https://www.nd-aktuell.de/artikel/1179059.proteste-der-bauern-bauernproteste-alles-querkoeppe-und-nazis.html?sstr=agrardiesel|bauernprotest|bauernproteste","Proteste der Bauern
													Kommentare","08.01.2024"
"1717583071-14","https://www.nd-aktuell.de/suche/index.php?and=agrardiesel+bauernprotest+bauernproteste&search=Suchen&s0_d=01&s0_m=12&s0_y=2023&s1_d=29&s1_m=02&s1_y=2024&modus=1&sort=1&searchfields%5B%5D=0&searchfields%5B%5D=1&searchfields%5B%5D=2&searchfields%5B%5D=3&display=0","5","https://www.nd-aktuell.de/suche/index.php?start=40&search=1&and=agrardiesel+bauernprotest+bauernproteste&modus=1&s0_y=2023&s0_m=12&s0_d=01&s1_y=2024&s1_m=02&s1_d=29&sstr=agrardiesel%7Cbauernprotest%7Cbauernproteste&sort=1&display=0&searchfields%5B0%5D=0&searchfields%5B1%5D=1&searchfields%5B2%5D=2&searchfields%5B3%5D=3","Bauernproteste: Begrenzte Gesprächsbereitschaft","https://www.nd-aktuell.de/artikel/1179056.agrarpolitik-bauernproteste-begrenzte-gespraechsbereitschaft.html?sstr=agrardiesel|bauernprotest|bauernproteste","Agrarpolitik
													Politik","08.01.2024"
"1717583071-15","https://www.nd-aktuell.de/suche/index.php?and=agrardiesel+bauernprotest+bauernproteste&search=Suchen&s0_d=01&s0_m=12&s0_y=2023&s1_d=29&s1_m=02&s1_y=2024&modus=1&sort=1&searchfields%5B%5D=0&searchfields%5B%5D=1&searchfields%5B%5D=2&searchfields%5B%5D=3&display=0","5","https://www.nd-aktuell.de/suche/index.php?start=40&search=1&and=agrardiesel+bauernprotest+bauernproteste&modus=1&s0_y=2023&s0_m=12&s0_d=01&s1_y=2024&s1_m=02&s1_d=29&sstr=agrardiesel%7Cbauernprotest%7Cbauernproteste&sort=1&display=0&searchfields%5B0%5D=0&searchfields%5B1%5D=1&searchfields%5B2%5D=2&searchfields%5B3%5D=3","Wagenknecht-Partei BSW gegründet: Rechts-links-konservativ","https://www.nd-aktuell.de/artikel/1179055.buendnis-sahra-wagenknecht-wagenknecht-partei-bsw-gegruendet-rechts-links-konservativ.html?sstr=agrardiesel|bauernprotest|bauernproteste","Bündnis Sahra Wagenknecht
													Politik","08.01.2024"
"1717583071-16","https://www.nd-aktuell.de/suche/index.php?and=agrardiesel+bauernprotest+bauernproteste&search=Suchen&s0_d=01&s0_m=12&s0_y=2023&s1_d=29&s1_m=02&s1_y=2024&modus=1&sort=1&searchfields%5B%5D=0&searchfields%5B%5D=1&searchfields%5B%5D=2&searchfields%5B%5D=3&display=0","5","https://www.nd-aktuell.de/suche/index.php?start=40&search=1&and=agrardiesel+bauernprotest+bauernproteste&modus=1&s0_y=2023&s0_m=12&s0_d=01&s1_y=2024&s1_m=02&s1_d=29&sstr=agrardiesel%7Cbauernprotest%7Cbauernproteste&sort=1&display=0&searchfields%5B0%5D=0&searchfields%5B1%5D=1&searchfields%5B2%5D=2&searchfields%5B3%5D=3","Berechtigte Empörung bei den Bauern","https://www.nd-aktuell.de/artikel/1179030.bundesweite-bauernproteste-berechtigte-empoerung-bei-den-bauern.html?sstr=agrardiesel|bauernprotest|bauernproteste","Bundesweite Bauernproteste
													Politik","08.01.2024"
"1717583071-17","https://www.nd-aktuell.de/suche/index.php?and=agrardiesel+bauernprotest+bauernproteste&search=Suchen&s0_d=01&s0_m=12&s0_y=2023&s1_d=29&s1_m=02&s1_y=2024&modus=1&sort=1&searchfields%5B%5D=0&searchfields%5B%5D=1&searchfields%5B%5D=2&searchfields%5B%5D=3&display=0","5","https://www.nd-aktuell.de/suche/index.php?start=40&search=1&and=agrardiesel+bauernprotest+bauernproteste&modus=1&s0_y=2023&s0_m=12&s0_d=01&s1_y=2024&s1_m=02&s1_d=29&sstr=agrardiesel%7Cbauernprotest%7Cbauernproteste&sort=1&display=0&searchfields%5B0%5D=0&searchfields%5B1%5D=1&searchfields%5B2%5D=2&searchfields%5B3%5D=3","Bauernprotest und Stimmungsmache","https://www.nd-aktuell.de/artikel/1179027.ampel-kuerzungsplaene-bauernprotest-und-stimmungsmache.html?sstr=agrardiesel|bauernprotest|bauernproteste","Ampel-Kürzungspläne
													Kommentare","07.01.2024"
"1717583071-18","https://www.nd-aktuell.de/suche/index.php?and=agrardiesel+bauernprotest+bauernproteste&search=Suchen&s0_d=01&s0_m=12&s0_y=2023&s1_d=29&s1_m=02&s1_y=2024&modus=1&sort=1&searchfields%5B%5D=0&searchfields%5B%5D=1&searchfields%5B%5D=2&searchfields%5B%5D=3&display=0","5","https://www.nd-aktuell.de/suche/index.php?start=40&search=1&and=agrardiesel+bauernprotest+bauernproteste&modus=1&s0_y=2023&s0_m=12&s0_d=01&s1_y=2024&s1_m=02&s1_d=29&sstr=agrardiesel%7Cbauernprotest%7Cbauernproteste&sort=1&display=0&searchfields%5B0%5D=0&searchfields%5B1%5D=1&searchfields%5B2%5D=2&searchfields%5B3%5D=3","Einschüchternde Landwirte","https://www.nd-aktuell.de/artikel/1178577.niedersachsen-einschuechternde-landwirte.html?sstr=agrardiesel|bauernprotest|bauernproteste","Niedersachsen
													Politik","17.12.2023"
"1717583074-19","https://www.nd-aktuell.de/suche/index.php?and=agrardiesel+bauernprotest+bauernproteste&search=Suchen&s0_d=01&s0_m=12&s0_y=2023&s1_d=29&s1_m=02&s1_y=2024&modus=1&sort=1&searchfields%5B%5D=0&searchfields%5B%5D=1&searchfields%5B%5D=2&searchfields%5B%5D=3&display=0","4","https://www.nd-aktuell.de/suche/index.php?start=30&search=1&and=agrardiesel+bauernprotest+bauernproteste&modus=1&s0_y=2023&s0_m=12&s0_d=01&s1_y=2024&s1_m=02&s1_d=29&sstr=agrardiesel%7Cbauernprotest%7Cbauernproteste&sort=1&display=0&searchfields%5B0%5D=0&searchfields%5B1%5D=1&searchfields%5B2%5D=2&searchfields%5B3%5D=3","Brandenburger Landwirtschaft: Markt regelt nicht","https://www.nd-aktuell.de/artikel/1179179.bauern-brandenburger-landwirtschaft-markt-regelt-nicht.html?sstr=agrardiesel|bauernprotest|bauernproteste","Bauern
													Berlin","12.01.2024"
"1717583074-20","https://www.nd-aktuell.de/suche/index.php?and=agrardiesel+bauernprotest+bauernproteste&search=Suchen&s0_d=01&s0_m=12&s0_y=2023&s1_d=29&s1_m=02&s1_y=2024&modus=1&sort=1&searchfields%5B%5D=0&searchfields%5B%5D=1&searchfields%5B%5D=2&searchfields%5B%5D=3&display=0","4","https://www.nd-aktuell.de/suche/index.php?start=30&search=1&and=agrardiesel+bauernprotest+bauernproteste&modus=1&s0_y=2023&s0_m=12&s0_d=01&s1_y=2024&s1_m=02&s1_d=29&sstr=agrardiesel%7Cbauernprotest%7Cbauernproteste&sort=1&display=0&searchfields%5B0%5D=0&searchfields%5B1%5D=1&searchfields%5B2%5D=2&searchfields%5B3%5D=3","Agrarpolitik bleibt zögerlich","https://www.nd-aktuell.de/artikel/1179159.bauernprotest-agrarpolitik-bleibt-zoegerlich.html?sstr=agrardiesel|bauernprotest|bauernproteste","Bauernprotest
													Politik","11.01.2024"
"1717583074-21","https://www.nd-aktuell.de/suche/index.php?and=agrardiesel+bauernprotest+bauernproteste&search=Suchen&s0_d=01&s0_m=12&s0_y=2023&s1_d=29&s1_m=02&s1_y=2024&modus=1&sort=1&searchfields%5B%5D=0&searchfields%5B%5D=1&searchfields%5B%5D=2&searchfields%5B%5D=3&display=0","4","https://www.nd-aktuell.de/suche/index.php?start=30&search=1&and=agrardiesel+bauernprotest+bauernproteste&modus=1&s0_y=2023&s0_m=12&s0_d=01&s1_y=2024&s1_m=02&s1_d=29&sstr=agrardiesel%7Cbauernprotest%7Cbauernproteste&sort=1&display=0&searchfields%5B0%5D=0&searchfields%5B1%5D=1&searchfields%5B2%5D=2&searchfields%5B3%5D=3","Im Chaos schnell zum Bahnwerk","https://www.nd-aktuell.de/artikel/1179151.verkehrswende-im-chaos-schnell-zum-bahnwerk.html?sstr=agrardiesel|bauernprotest|bauernproteste","Verkehrswende
													Berlin","11.01.2024"
"1717583074-22","https://www.nd-aktuell.de/suche/index.php?and=agrardiesel+bauernprotest+bauernproteste&search=Suchen&s0_d=01&s0_m=12&s0_y=2023&s1_d=29&s1_m=02&s1_y=2024&modus=1&sort=1&searchfields%5B%5D=0&searchfields%5B%5D=1&searchfields%5B%5D=2&searchfields%5B%5D=3&display=0","4","https://www.nd-aktuell.de/suche/index.php?start=30&search=1&and=agrardiesel+bauernprotest+bauernproteste&modus=1&s0_y=2023&s0_m=12&s0_d=01&s1_y=2024&s1_m=02&s1_d=29&sstr=agrardiesel%7Cbauernprotest%7Cbauernproteste&sort=1&display=0&searchfields%5B0%5D=0&searchfields%5B1%5D=1&searchfields%5B2%5D=2&searchfields%5B3%5D=3","Bauernproteste: Mehr Bodenhaftung für die Landwirtschaft","https://www.nd-aktuell.de/artikel/1179134.bauern-bauernproteste-mehr-bodenhaftung-fuer-die-landwirtschaft.html?sstr=agrardiesel|bauernprotest|bauernproteste","Bauern
													Kommentare","11.01.2024"
"1717583074-23","https://www.nd-aktuell.de/suche/index.php?and=agrardiesel+bauernprotest+bauernproteste&search=Suchen&s0_d=01&s0_m=12&s0_y=2023&s1_d=29&s1_m=02&s1_y=2024&modus=1&sort=1&searchfields%5B%5D=0&searchfields%5B%5D=1&searchfields%5B%5D=2&searchfields%5B%5D=3&display=0","4","https://www.nd-aktuell.de/suche/index.php?start=30&search=1&and=agrardiesel+bauernprotest+bauernproteste&modus=1&s0_y=2023&s0_m=12&s0_d=01&s1_y=2024&s1_m=02&s1_d=29&sstr=agrardiesel%7Cbauernprotest%7Cbauernproteste&sort=1&display=0&searchfields%5B0%5D=0&searchfields%5B1%5D=1&searchfields%5B2%5D=2&searchfields%5B3%5D=3","Im Grunde belastet","https://www.nd-aktuell.de/artikel/1179112.landwirtschaft-im-grunde-belastet.html?sstr=agrardiesel|bauernprotest|bauernproteste","Landwirtschaft
													Wirtschaft und Umwelt","10.01.2024"
"1717583074-24","https://www.nd-aktuell.de/suche/index.php?and=agrardiesel+bauernprotest+bauernproteste&search=Suchen&s0_d=01&s0_m=12&s0_y=2023&s1_d=29&s1_m=02&s1_y=2024&modus=1&sort=1&searchfields%5B%5D=0&searchfields%5B%5D=1&searchfields%5B%5D=2&searchfields%5B%5D=3&display=0","4","https://www.nd-aktuell.de/suche/index.php?start=30&search=1&and=agrardiesel+bauernprotest+bauernproteste&modus=1&s0_y=2023&s0_m=12&s0_d=01&s1_y=2024&s1_m=02&s1_d=29&sstr=agrardiesel%7Cbauernprotest%7Cbauernproteste&sort=1&display=0&searchfields%5B0%5D=0&searchfields%5B1%5D=1&searchfields%5B2%5D=2&searchfields%5B3%5D=3","Rassistischer »Masterplan«: Hinter dem Faschismus...","https://www.nd-aktuell.de/artikel/1179101.extrem-rechte-rassistischer-masterplan-hinter-dem-faschismus.html?sstr=agrardiesel|bauernprotest|bauernproteste","Extrem Rechte
													Kommentare","10.01.2024"
"1717583074-25","https://www.nd-aktuell.de/suche/index.php?and=agrardiesel+bauernprotest+bauernproteste&search=Suchen&s0_d=01&s0_m=12&s0_y=2023&s1_d=29&s1_m=02&s1_y=2024&modus=1&sort=1&searchfields%5B%5D=0&searchfields%5B%5D=1&searchfields%5B%5D=2&searchfields%5B%5D=3&display=0","4","https://www.nd-aktuell.de/suche/index.php?start=30&search=1&and=agrardiesel+bauernprotest+bauernproteste&modus=1&s0_y=2023&s0_m=12&s0_d=01&s1_y=2024&s1_m=02&s1_d=29&sstr=agrardiesel%7Cbauernprotest%7Cbauernproteste&sort=1&display=0&searchfields%5B0%5D=0&searchfields%5B1%5D=1&searchfields%5B2%5D=2&searchfields%5B3%5D=3","Aktionen der Bauern nicht mit Letzter Generation vergleichbar","https://www.nd-aktuell.de/artikel/1178992.bauernproteste-aktionen-der-bauern-nicht-mit-letzter-generation-vergleichbar.html?sstr=agrardiesel|bauernprotest|bauernproteste","Bauernproteste
													Kommentare","10.01.2024"
"1717583074-26","https://www.nd-aktuell.de/suche/index.php?and=agrardiesel+bauernprotest+bauernproteste&search=Suchen&s0_d=01&s0_m=12&s0_y=2023&s1_d=29&s1_m=02&s1_y=2024&modus=1&sort=1&searchfields%5B%5D=0&searchfields%5B%5D=1&searchfields%5B%5D=2&searchfields%5B%5D=3&display=0","4","https://www.nd-aktuell.de/suche/index.php?start=30&search=1&and=agrardiesel+bauernprotest+bauernproteste&modus=1&s0_y=2023&s0_m=12&s0_d=01&s1_y=2024&s1_m=02&s1_d=29&sstr=agrardiesel%7Cbauernprotest%7Cbauernproteste&sort=1&display=0&searchfields%5B0%5D=0&searchfields%5B1%5D=1&searchfields%5B2%5D=2&searchfields%5B3%5D=3","Große Reden schwingen bei den Bauern","https://www.nd-aktuell.de/artikel/1179096.bauernproteste-grosse-reden-schwingen-bei-den-bauern.html?sstr=agrardiesel|bauernprotest|bauernproteste","Bauernproteste
													Berlin","09.01.2024"
"1717583074-27","https://www.nd-aktuell.de/suche/index.php?and=agrardiesel+bauernprotest+bauernproteste&search=Suchen&s0_d=01&s0_m=12&s0_y=2023&s1_d=29&s1_m=02&s1_y=2024&modus=1&sort=1&searchfields%5B%5D=0&searchfields%5B%5D=1&searchfields%5B%5D=2&searchfields%5B%5D=3&display=0","4","https://www.nd-aktuell.de/suche/index.php?start=30&search=1&and=agrardiesel+bauernprotest+bauernproteste&modus=1&s0_y=2023&s0_m=12&s0_d=01&s1_y=2024&s1_m=02&s1_d=29&sstr=agrardiesel%7Cbauernprotest%7Cbauernproteste&sort=1&display=0&searchfields%5B0%5D=0&searchfields%5B1%5D=1&searchfields%5B2%5D=2&searchfields%5B3%5D=3","Grüne als Sozialstaatspartei","https://www.nd-aktuell.de/artikel/1179092.gruene-gruene-als-sozialstaatspartei.html?sstr=agrardiesel|bauernprotest|bauernproteste","Grüne
													Politik","09.01.2024"
"1717583074-28","https://www.nd-aktuell.de/suche/index.php?and=agrardiesel+bauernprotest+bauernproteste&search=Suchen&s0_d=01&s0_m=12&s0_y=2023&s1_d=29&s1_m=02&s1_y=2024&modus=1&sort=1&searchfields%5B%5D=0&searchfields%5B%5D=1&searchfields%5B%5D=2&searchfields%5B%5D=3&display=0","4","https://www.nd-aktuell.de/suche/index.php?start=30&search=1&and=agrardiesel+bauernprotest+bauernproteste&modus=1&s0_y=2023&s0_m=12&s0_d=01&s1_y=2024&s1_m=02&s1_d=29&sstr=agrardiesel%7Cbauernprotest%7Cbauernproteste&sort=1&display=0&searchfields%5B0%5D=0&searchfields%5B1%5D=1&searchfields%5B2%5D=2&searchfields%5B3%5D=3","Von CDU bis Ampel: 30 Jahre verfehlte Agrarpolitik","https://www.nd-aktuell.de/artikel/1179091.bauernproteste-von-cdu-bis-ampel-jahre-verfehlte-agrarpolitik.html?sstr=agrardiesel|bauernprotest|bauernproteste","Bauernproteste
													Berlin","09.01.2024"
"1717583076-29","https://www.nd-aktuell.de/suche/index.php?and=agrardiesel+bauernprotest+bauernproteste&search=Suchen&s0_d=01&s0_m=12&s0_y=2023&s1_d=29&s1_m=02&s1_y=2024&modus=1&sort=1&searchfields%5B%5D=0&searchfields%5B%5D=1&searchfields%5B%5D=2&searchfields%5B%5D=3&display=0","3","https://www.nd-aktuell.de/suche/index.php?start=20&search=1&and=agrardiesel+bauernprotest+bauernproteste&modus=1&s0_y=2023&s0_m=12&s0_d=01&s1_y=2024&s1_m=02&s1_d=29&sstr=agrardiesel%7Cbauernprotest%7Cbauernproteste&sort=1&display=0&searchfields%5B0%5D=0&searchfields%5B1%5D=1&searchfields%5B2%5D=2&searchfields%5B3%5D=3","Bauern: Keine Subventionen sind auch keine Lösung","https://www.nd-aktuell.de/artikel/1179363.bauernproteste-bauern-keine-subventionen-sind-auch-keine-loesung.html?sstr=agrardiesel|bauernprotest|bauernproteste","Bauernproteste
													Wirtschaft und Umwelt","19.01.2024"
"1717583076-30","https://www.nd-aktuell.de/suche/index.php?and=agrardiesel+bauernprotest+bauernproteste&search=Suchen&s0_d=01&s0_m=12&s0_y=2023&s1_d=29&s1_m=02&s1_y=2024&modus=1&sort=1&searchfields%5B%5D=0&searchfields%5B%5D=1&searchfields%5B%5D=2&searchfields%5B%5D=3&display=0","3","https://www.nd-aktuell.de/suche/index.php?start=20&search=1&and=agrardiesel+bauernprotest+bauernproteste&modus=1&s0_y=2023&s0_m=12&s0_d=01&s1_y=2024&s1_m=02&s1_d=29&sstr=agrardiesel%7Cbauernprotest%7Cbauernproteste&sort=1&display=0&searchfields%5B0%5D=0&searchfields%5B1%5D=1&searchfields%5B2%5D=2&searchfields%5B3%5D=3","Reicher Bauer, armer Bauer","https://www.nd-aktuell.de/artikel/1179354.landwirtschaft-reicher-bauer-armer-bauer.html?sstr=agrardiesel|bauernprotest|bauernproteste","Landwirtschaft
													Wirtschaft und Umwelt","19.01.2024"
"1717583076-31","https://www.nd-aktuell.de/suche/index.php?and=agrardiesel+bauernprotest+bauernproteste&search=Suchen&s0_d=01&s0_m=12&s0_y=2023&s1_d=29&s1_m=02&s1_y=2024&modus=1&sort=1&searchfields%5B%5D=0&searchfields%5B%5D=1&searchfields%5B%5D=2&searchfields%5B%5D=3&display=0","3","https://www.nd-aktuell.de/suche/index.php?start=20&search=1&and=agrardiesel+bauernprotest+bauernproteste&modus=1&s0_y=2023&s0_m=12&s0_d=01&s1_y=2024&s1_m=02&s1_d=29&sstr=agrardiesel%7Cbauernprotest%7Cbauernproteste&sort=1&display=0&searchfields%5B0%5D=0&searchfields%5B1%5D=1&searchfields%5B2%5D=2&searchfields%5B3%5D=3","Agrardiesel als Schlüsselfrage","https://www.nd-aktuell.de/artikel/1179316.agrarmesse-gruene-woche-agrardiesel-als-schluesselfrage.html?sstr=agrardiesel|bauernprotest|bauernproteste","Agrarmesse Grüne Woche
													Wirtschaft und Umwelt","18.01.2024"
"1717583076-32","https://www.nd-aktuell.de/suche/index.php?and=agrardiesel+bauernprotest+bauernproteste&search=Suchen&s0_d=01&s0_m=12&s0_y=2023&s1_d=29&s1_m=02&s1_y=2024&modus=1&sort=1&searchfields%5B%5D=0&searchfields%5B%5D=1&searchfields%5B%5D=2&searchfields%5B%5D=3&display=0","3","https://www.nd-aktuell.de/suche/index.php?start=20&search=1&and=agrardiesel+bauernprotest+bauernproteste&modus=1&s0_y=2023&s0_m=12&s0_d=01&s1_y=2024&s1_m=02&s1_d=29&sstr=agrardiesel%7Cbauernprotest%7Cbauernproteste&sort=1&display=0&searchfields%5B0%5D=0&searchfields%5B1%5D=1&searchfields%5B2%5D=2&searchfields%5B3%5D=3","Christian Lindner: ein Brandstifter","https://www.nd-aktuell.de/artikel/1179262.standpunkt-christian-lindner-ein-brandstifter.html?sstr=agrardiesel|bauernprotest|bauernproteste","Standpunkt
													Kommentare","16.01.2024"
"1717583076-33","https://www.nd-aktuell.de/suche/index.php?and=agrardiesel+bauernprotest+bauernproteste&search=Suchen&s0_d=01&s0_m=12&s0_y=2023&s1_d=29&s1_m=02&s1_y=2024&modus=1&sort=1&searchfields%5B%5D=0&searchfields%5B%5D=1&searchfields%5B%5D=2&searchfields%5B%5D=3&display=0","3","https://www.nd-aktuell.de/suche/index.php?start=20&search=1&and=agrardiesel+bauernprotest+bauernproteste&modus=1&s0_y=2023&s0_m=12&s0_d=01&s1_y=2024&s1_m=02&s1_d=29&sstr=agrardiesel%7Cbauernprotest%7Cbauernproteste&sort=1&display=0&searchfields%5B0%5D=0&searchfields%5B1%5D=1&searchfields%5B2%5D=2&searchfields%5B3%5D=3","Bauernpräsident Rukwied: Bauernführer? Industrielobbyist!","https://www.nd-aktuell.de/artikel/1179206.bauernverband-bauernpraesident-rukwied-bauernfuehrer-industrielobbyist.html?sstr=agrardiesel|bauernprotest|bauernproteste","Bauernverband
													Politik","16.01.2024"
"1717583076-34","https://www.nd-aktuell.de/suche/index.php?and=agrardiesel+bauernprotest+bauernproteste&search=Suchen&s0_d=01&s0_m=12&s0_y=2023&s1_d=29&s1_m=02&s1_y=2024&modus=1&sort=1&searchfields%5B%5D=0&searchfields%5B%5D=1&searchfields%5B%5D=2&searchfields%5B%5D=3&display=0","3","https://www.nd-aktuell.de/suche/index.php?start=20&search=1&and=agrardiesel+bauernprotest+bauernproteste&modus=1&s0_y=2023&s0_m=12&s0_d=01&s1_y=2024&s1_m=02&s1_d=29&sstr=agrardiesel%7Cbauernprotest%7Cbauernproteste&sort=1&display=0&searchfields%5B0%5D=0&searchfields%5B1%5D=1&searchfields%5B2%5D=2&searchfields%5B3%5D=3","Bauernprotest: Es geht um Respekt","https://www.nd-aktuell.de/artikel/1179237.landwirtschaft-bauernprotest-es-geht-um-respekt.html?sstr=agrardiesel|bauernprotest|bauernproteste","Landwirtschaft
													Kommentare","15.01.2024"
"1717583076-35","https://www.nd-aktuell.de/suche/index.php?and=agrardiesel+bauernprotest+bauernproteste&search=Suchen&s0_d=01&s0_m=12&s0_y=2023&s1_d=29&s1_m=02&s1_y=2024&modus=1&sort=1&searchfields%5B%5D=0&searchfields%5B%5D=1&searchfields%5B%5D=2&searchfields%5B%5D=3&display=0","3","https://www.nd-aktuell.de/suche/index.php?start=20&search=1&and=agrardiesel+bauernprotest+bauernproteste&modus=1&s0_y=2023&s0_m=12&s0_d=01&s1_y=2024&s1_m=02&s1_d=29&sstr=agrardiesel%7Cbauernprotest%7Cbauernproteste&sort=1&display=0&searchfields%5B0%5D=0&searchfields%5B1%5D=1&searchfields%5B2%5D=2&searchfields%5B3%5D=3","Kapitalistischer Realismus","https://www.nd-aktuell.de/artikel/1179231.landwirtschaft-kapitalistischer-realismus.html?sstr=agrardiesel|bauernprotest|bauernproteste","Landwirtschaft
													Kommentare","15.01.2024"
"1717583076-36","https://www.nd-aktuell.de/suche/index.php?and=agrardiesel+bauernprotest+bauernproteste&search=Suchen&s0_d=01&s0_m=12&s0_y=2023&s1_d=29&s1_m=02&s1_y=2024&modus=1&sort=1&searchfields%5B%5D=0&searchfields%5B%5D=1&searchfields%5B%5D=2&searchfields%5B%5D=3&display=0","3","https://www.nd-aktuell.de/suche/index.php?start=20&search=1&and=agrardiesel+bauernprotest+bauernproteste&modus=1&s0_y=2023&s0_m=12&s0_d=01&s1_y=2024&s1_m=02&s1_d=29&sstr=agrardiesel%7Cbauernprotest%7Cbauernproteste&sort=1&display=0&searchfields%5B0%5D=0&searchfields%5B1%5D=1&searchfields%5B2%5D=2&searchfields%5B3%5D=3","Bauernpräsident Rukwied gegen die »Berliner Blase«","https://www.nd-aktuell.de/artikel/1179227.bauernprotest-bauernpraesident-rukwied-gegen-die-berliner-blase.html?sstr=agrardiesel|bauernprotest|bauernproteste","Bauernprotest
													Politik","15.01.2024"
"1717583076-37","https://www.nd-aktuell.de/suche/index.php?and=agrardiesel+bauernprotest+bauernproteste&search=Suchen&s0_d=01&s0_m=12&s0_y=2023&s1_d=29&s1_m=02&s1_y=2024&modus=1&sort=1&searchfields%5B%5D=0&searchfields%5B%5D=1&searchfields%5B%5D=2&searchfields%5B%5D=3&display=0","3","https://www.nd-aktuell.de/suche/index.php?start=20&search=1&and=agrardiesel+bauernprotest+bauernproteste&modus=1&s0_y=2023&s0_m=12&s0_d=01&s1_y=2024&s1_m=02&s1_d=29&sstr=agrardiesel%7Cbauernprotest%7Cbauernproteste&sort=1&display=0&searchfields%5B0%5D=0&searchfields%5B1%5D=1&searchfields%5B2%5D=2&searchfields%5B3%5D=3","Juri Knorr und Kollegen begeistern bei der Handball-EM","https://www.nd-aktuell.de/artikel/1179221.handball-juri-knorr-und-kollegen-begeistern-bei-der-handball-em.html?sstr=agrardiesel|bauernprotest|bauernproteste","Handball
													Sport","15.01.2024"
"1717583076-38","https://www.nd-aktuell.de/suche/index.php?and=agrardiesel+bauernprotest+bauernproteste&search=Suchen&s0_d=01&s0_m=12&s0_y=2023&s1_d=29&s1_m=02&s1_y=2024&modus=1&sort=1&searchfields%5B%5D=0&searchfields%5B%5D=1&searchfields%5B%5D=2&searchfields%5B%5D=3&display=0","3","https://www.nd-aktuell.de/suche/index.php?start=20&search=1&and=agrardiesel+bauernprotest+bauernproteste&modus=1&s0_y=2023&s0_m=12&s0_d=01&s1_y=2024&s1_m=02&s1_d=29&sstr=agrardiesel%7Cbauernprotest%7Cbauernproteste&sort=1&display=0&searchfields%5B0%5D=0&searchfields%5B1%5D=1&searchfields%5B2%5D=2&searchfields%5B3%5D=3","Linke Bauernproteste: »Wir zeigen klare Kante gegen rechts«","https://www.nd-aktuell.de/artikel/1179211.landwirte-linke-bauernproteste-wir-zeigen-klare-kante-gegen-rechts.html?sstr=agrardiesel|bauernprotest|bauernproteste","Landwirte
													Politik","15.01.2024"
"1717583079-39","https://www.nd-aktuell.de/suche/index.php?and=agrardiesel+bauernprotest+bauernproteste&search=Suchen&s0_d=01&s0_m=12&s0_y=2023&s1_d=29&s1_m=02&s1_y=2024&modus=1&sort=1&searchfields%5B%5D=0&searchfields%5B%5D=1&searchfields%5B%5D=2&searchfields%5B%5D=3&display=0","2","https://www.nd-aktuell.de/suche/index.php?start=10&search=1&and=agrardiesel+bauernprotest+bauernproteste&modus=1&s0_y=2023&s0_m=12&s0_d=01&s1_y=2024&s1_m=02&s1_d=29&sstr=agrardiesel%7Cbauernprotest%7Cbauernproteste&sort=1&display=0&searchfields%5B0%5D=0&searchfields%5B1%5D=1&searchfields%5B2%5D=2&searchfields%5B3%5D=3","Klimaaktivisten als Kriminelle verdächtigt – Bauern nicht","https://www.nd-aktuell.de/artikel/1179685.letzte-generation-klimaaktivisten-als-kriminelle-verdaechtigt-n-bauern-nicht.html?sstr=agrardiesel|bauernprotest|bauernproteste","Letzte Generation
													Berlin","01.02.2024"
"1717583079-40","https://www.nd-aktuell.de/suche/index.php?and=agrardiesel+bauernprotest+bauernproteste&search=Suchen&s0_d=01&s0_m=12&s0_y=2023&s1_d=29&s1_m=02&s1_y=2024&modus=1&sort=1&searchfields%5B%5D=0&searchfields%5B%5D=1&searchfields%5B%5D=2&searchfields%5B%5D=3&display=0","2","https://www.nd-aktuell.de/suche/index.php?start=10&search=1&and=agrardiesel+bauernprotest+bauernproteste&modus=1&s0_y=2023&s0_m=12&s0_d=01&s1_y=2024&s1_m=02&s1_d=29&sstr=agrardiesel%7Cbauernprotest%7Cbauernproteste&sort=1&display=0&searchfields%5B0%5D=0&searchfields%5B1%5D=1&searchfields%5B2%5D=2&searchfields%5B3%5D=3","Linke Konzepte für die Agrarwende","https://www.nd-aktuell.de/artikel/1179653.bauernproteste-linke-konzepte-fuer-die-agrarwende.html?sstr=agrardiesel|bauernprotest|bauernproteste","Bauernproteste
													Kommentare","31.01.2024"
"1717583079-41","https://www.nd-aktuell.de/suche/index.php?and=agrardiesel+bauernprotest+bauernproteste&search=Suchen&s0_d=01&s0_m=12&s0_y=2023&s1_d=29&s1_m=02&s1_y=2024&modus=1&sort=1&searchfields%5B%5D=0&searchfields%5B%5D=1&searchfields%5B%5D=2&searchfields%5B%5D=3&display=0","2","https://www.nd-aktuell.de/suche/index.php?start=10&search=1&and=agrardiesel+bauernprotest+bauernproteste&modus=1&s0_y=2023&s0_m=12&s0_d=01&s1_y=2024&s1_m=02&s1_d=29&sstr=agrardiesel%7Cbauernprotest%7Cbauernproteste&sort=1&display=0&searchfields%5B0%5D=0&searchfields%5B1%5D=1&searchfields%5B2%5D=2&searchfields%5B3%5D=3","Ausgeklebt: Nächstes Ziel Massenprotest","https://www.nd-aktuell.de/artikel/1179636.letzte-generation-ausgeklebt-naechstes-ziel-massenprotest.html?sstr=agrardiesel|bauernprotest|bauernproteste","Letzte Generation
													Politik","30.01.2024"
"1717583079-42","https://www.nd-aktuell.de/suche/index.php?and=agrardiesel+bauernprotest+bauernproteste&search=Suchen&s0_d=01&s0_m=12&s0_y=2023&s1_d=29&s1_m=02&s1_y=2024&modus=1&sort=1&searchfields%5B%5D=0&searchfields%5B%5D=1&searchfields%5B%5D=2&searchfields%5B%5D=3&display=0","2","https://www.nd-aktuell.de/suche/index.php?start=10&search=1&and=agrardiesel+bauernprotest+bauernproteste&modus=1&s0_y=2023&s0_m=12&s0_d=01&s1_y=2024&s1_m=02&s1_d=29&sstr=agrardiesel%7Cbauernprotest%7Cbauernproteste&sort=1&display=0&searchfields%5B0%5D=0&searchfields%5B1%5D=1&searchfields%5B2%5D=2&searchfields%5B3%5D=3","Klimaproteste: Die richtigen politischen Fronten","https://www.nd-aktuell.de/artikel/1179528.klimabewegung-klimaproteste-die-richtigen-politischen-fronten.html?sstr=agrardiesel|bauernprotest|bauernproteste","Klimabewegung
													Kommentare","25.01.2024"
"1717583079-43","https://www.nd-aktuell.de/suche/index.php?and=agrardiesel+bauernprotest+bauernproteste&search=Suchen&s0_d=01&s0_m=12&s0_y=2023&s1_d=29&s1_m=02&s1_y=2024&modus=1&sort=1&searchfields%5B%5D=0&searchfields%5B%5D=1&searchfields%5B%5D=2&searchfields%5B%5D=3&display=0","2","https://www.nd-aktuell.de/suche/index.php?start=10&search=1&and=agrardiesel+bauernprotest+bauernproteste&modus=1&s0_y=2023&s0_m=12&s0_d=01&s1_y=2024&s1_m=02&s1_d=29&sstr=agrardiesel%7Cbauernprotest%7Cbauernproteste&sort=1&display=0&searchfields%5B0%5D=0&searchfields%5B1%5D=1&searchfields%5B2%5D=2&searchfields%5B3%5D=3","Brandenburg: Kenia-Koalition streitet über Agrarpolitik der Ampel","https://www.nd-aktuell.de/artikel/1179507.landwirtschaft-brandenburg-kenia-koalition-streitet-ueber-agrarpolitik-der-ampel.html?sstr=agrardiesel|bauernprotest|bauernproteste","Landwirtschaft
													Berlin","25.01.2024"
"1717583079-44","https://www.nd-aktuell.de/suche/index.php?and=agrardiesel+bauernprotest+bauernproteste&search=Suchen&s0_d=01&s0_m=12&s0_y=2023&s1_d=29&s1_m=02&s1_y=2024&modus=1&sort=1&searchfields%5B%5D=0&searchfields%5B%5D=1&searchfields%5B%5D=2&searchfields%5B%5D=3&display=0","2","https://www.nd-aktuell.de/suche/index.php?start=10&search=1&and=agrardiesel+bauernprotest+bauernproteste&modus=1&s0_y=2023&s0_m=12&s0_d=01&s1_y=2024&s1_m=02&s1_d=29&sstr=agrardiesel%7Cbauernprotest%7Cbauernproteste&sort=1&display=0&searchfields%5B0%5D=0&searchfields%5B1%5D=1&searchfields%5B2%5D=2&searchfields%5B3%5D=3","Martin Sellner droht eigene »Remigration«","https://www.nd-aktuell.de/artikel/1179438.ende-der-freizuegigkeit-martin-sellner-droht-eigene-remigration.html?sstr=agrardiesel|bauernprotest|bauernproteste","Ende der Freizügigkeit
													Politik","23.01.2024"
"1717583079-45","https://www.nd-aktuell.de/suche/index.php?and=agrardiesel+bauernprotest+bauernproteste&search=Suchen&s0_d=01&s0_m=12&s0_y=2023&s1_d=29&s1_m=02&s1_y=2024&modus=1&sort=1&searchfields%5B%5D=0&searchfields%5B%5D=1&searchfields%5B%5D=2&searchfields%5B%5D=3&display=0","2","https://www.nd-aktuell.de/suche/index.php?start=10&search=1&and=agrardiesel+bauernprotest+bauernproteste&modus=1&s0_y=2023&s0_m=12&s0_d=01&s1_y=2024&s1_m=02&s1_d=29&sstr=agrardiesel%7Cbauernprotest%7Cbauernproteste&sort=1&display=0&searchfields%5B0%5D=0&searchfields%5B1%5D=1&searchfields%5B2%5D=2&searchfields%5B3%5D=3","Zwei Jahre Blockaden: Es wird ruhig um die Letzte Generation","https://www.nd-aktuell.de/artikel/1179436.letzte-generation-zwei-jahre-blockaden-es-wird-ruhig-um-die-letzte-generation.html?sstr=agrardiesel|bauernprotest|bauernproteste","Letzte Generation
													Politik","23.01.2024"
"1717583079-46","https://www.nd-aktuell.de/suche/index.php?and=agrardiesel+bauernprotest+bauernproteste&search=Suchen&s0_d=01&s0_m=12&s0_y=2023&s1_d=29&s1_m=02&s1_y=2024&modus=1&sort=1&searchfields%5B%5D=0&searchfields%5B%5D=1&searchfields%5B%5D=2&searchfields%5B%5D=3&display=0","2","https://www.nd-aktuell.de/suche/index.php?start=10&search=1&and=agrardiesel+bauernprotest+bauernproteste&modus=1&s0_y=2023&s0_m=12&s0_d=01&s1_y=2024&s1_m=02&s1_d=29&sstr=agrardiesel%7Cbauernprotest%7Cbauernproteste&sort=1&display=0&searchfields%5B0%5D=0&searchfields%5B1%5D=1&searchfields%5B2%5D=2&searchfields%5B3%5D=3","Agrarpolitik: Satt an Gentechnik, Hunger nach Wende","https://www.nd-aktuell.de/artikel/1179377.buendnis-wir-haben-es-satt-agrarpolitik-satt-an-gentechnik-hunger-nach-wende.html?sstr=agrardiesel|bauernprotest|bauernproteste","Bündnis »Wir haben es satt«
													Wirtschaft und Umwelt","21.01.2024"
"1717583079-47","https://www.nd-aktuell.de/suche/index.php?and=agrardiesel+bauernprotest+bauernproteste&search=Suchen&s0_d=01&s0_m=12&s0_y=2023&s1_d=29&s1_m=02&s1_y=2024&modus=1&sort=1&searchfields%5B%5D=0&searchfields%5B%5D=1&searchfields%5B%5D=2&searchfields%5B%5D=3&display=0","2","https://www.nd-aktuell.de/suche/index.php?start=10&search=1&and=agrardiesel+bauernprotest+bauernproteste&modus=1&s0_y=2023&s0_m=12&s0_d=01&s1_y=2024&s1_m=02&s1_d=29&sstr=agrardiesel%7Cbauernprotest%7Cbauernproteste&sort=1&display=0&searchfields%5B0%5D=0&searchfields%5B1%5D=1&searchfields%5B2%5D=2&searchfields%5B3%5D=3","Mehr Ackerland soll in Bauernhand","https://www.nd-aktuell.de/artikel/1179365.bauernproteste-mehr-ackerland-soll-in-bauernhand.html?sstr=agrardiesel|bauernprotest|bauernproteste","Bauernproteste
													Politik","19.01.2024"
"1717583079-48","https://www.nd-aktuell.de/suche/index.php?and=agrardiesel+bauernprotest+bauernproteste&search=Suchen&s0_d=01&s0_m=12&s0_y=2023&s1_d=29&s1_m=02&s1_y=2024&modus=1&sort=1&searchfields%5B%5D=0&searchfields%5B%5D=1&searchfields%5B%5D=2&searchfields%5B%5D=3&display=0","2","https://www.nd-aktuell.de/suche/index.php?start=10&search=1&and=agrardiesel+bauernprotest+bauernproteste&modus=1&s0_y=2023&s0_m=12&s0_d=01&s1_y=2024&s1_m=02&s1_d=29&sstr=agrardiesel%7Cbauernprotest%7Cbauernproteste&sort=1&display=0&searchfields%5B0%5D=0&searchfields%5B1%5D=1&searchfields%5B2%5D=2&searchfields%5B3%5D=3","Ampel bereinigt Haushalt 2024","https://www.nd-aktuell.de/artikel/1179364.bundeshaushalt-ampel-bereinigt-haushalt.html?sstr=agrardiesel|bauernprotest|bauernproteste","Bundeshaushalt 2024
													Politik","19.01.2024"
